* Detected CPU: GenuineIntel P3 family, F6/M10/S4, 2495.00 mhz, 21-clk 'rdtsc'
* CPU Features: RDTSC, MMX, SSE, SSE2

Initializing File System...
using fs-ltx fsgame.ltx
FS: 30116 files cached, 4922Kb memory used.
Init FileSystem 0.288189 sec
'X-Ray Engine' build 9831, Jan  7 2026

Initializing Engine...
Executing config-script "user.ltx"...
[d:\sovahiblack-engine\game\appdata\user.ltx] successfully loaded.
Starting INPUT device...
Loading DLL: xrRender_R2.dll
Loading DLL: xrGame.dll
! Unable to find Software\GSC Game World\STALKER-SHOC\ in registry
* [win32]: free[4045076 K], reserved[61300 K], committed[87864 K]
* [ D3D ]: textures[0 K]
* [x-ray]: crt heap[9197 K], process heap[9197 K], game lua[0 K], engine lua[0 K], render[0 K]
* [x-ray]: economy: strings[1942 K], smem[0 K]
Executing config-script "d:\sovahiblack-engine\game\resourcesogsm2.4.3\config\default_controls.ltx"...
! cant convert dik_name for dik[144], prop=[
[d:\sovahiblack-engine\game\resourcesogsm2.4.3\config\default_controls.ltx] successfully loaded.
Executing config-script "user.ltx"...
Executing config-script "d:\sovahiblack-engine\game\resourcesogsm2.4.3\config\rspec_extreme.ltx"...
! Unknown command:  r__dtex_range
! Unknown command:  r__ssa_glod_end
! Unknown command:  r__ssa_glod_start
! Unknown command:  r__wallmark_ttl
! Unknown command:  rs_detail
! Unknown command:  rs_skeleton_update
! Unknown command:  vid_bpp
[d:\sovahiblack-engine\game\resourcesogsm2.4.3\config\rspec_extreme.ltx] successfully loaded.
Executing config-script "d:\sovahiblack-engine\game\resourcesogsm2.4.3\config\default_controls.ltx"...
[d:\sovahiblack-engine\game\resourcesogsm2.4.3\config\default_controls.ltx] successfully loaded.
[d:\sovahiblack-engine\game\appdata\user.ltx] successfully loaded.
SOUND: OpenAL: enumerate devices...
SOUND: OpenAL: EnumerationExtension Present
devices Generic Software
SOUND: OpenAL: system  default SndDevice name is Generic Software
SOUND: OpenAL: All available devices:
1. Generic Software, Spec Version 1.1 (default)
SOUND: OpenAL: SelectBestDevice is Generic Software 1.1
SOUND: OpenAL: Required device: Generic Software. Created device: Generic Software.
* sound: EAX 2.0 extension: absent
* sound: EAX 2.0 deferred: absent
* sound : cache: 32773 kb, 3805 lines, 8820 bpl
Starting RENDER device...
* GPU [vendor:8086]-[device:46A8]: Intel(R) Iris(R) Xe Graphics
* GPU driver: 32.0.101.6299
* CREATE: DeviceREF: 1
* Vertex Processor: PURE HARDWARE
*     Texture memory: 4067 M
*          DDI-level: 9.0
* GPU shading: vs(fffe0300/3.0/30), ps(ffff0300/3.0/30)
* GPU vertex cache: unrecognized, 16
* DVB created: 1536K
* DIB created: 512K
! Version conflict in shader 'def_shaders\def_aref'
! Version conflict in shader 'def_shaders\def_aref_v'
! Version conflict in shader 'def_shaders\def_trans'
! Version conflict in shader 'def_shaders\def_trans_v'
! Version conflict in shader 'def_shaders\def_trans_v_tuchi'
! Version conflict in shader 'def_shaders\lod_old'
! Renderer doesn't support blender 'effects\shadow_world'
! Version conflict in shader 'effects\watertest-1'
count of .thm files=6
load time=19 ms
* NULLRT supported
* ...and used
* HWDST/PCF supported and used
- r__tf_aniso 16
- r2_tf_mipbias 0.
Starting engine...
Loading DLL: xrGameSpy.dll
* DVB created: 1536K
* DIB created: 512K
- r__tf_aniso 16
- r2_tf_mipbias 0.
* GPU shading: vs(fffe0300/3.0/30), ps(ffff0300/3.0/30)
* GPU vertex cache: unrecognized, 16
*** RESET [203 ms]
binaries\xrengine.exe 
* phase time: 0 ms
* phase cmem: 103069 K
Кэширование объектов...
Loading objects...
Loading models...
* [prefetch] time:    3378 ms
* [prefetch] memory:  429296Kb
* phase time: 3400 ms
* phase cmem: 525967 K
Сервер: Старт...
* phase time: 30 ms
* phase cmem: 526193 K
Сервер: Загрузка симуляции жизни...
* phase time: 9 ms
* phase cmem: 526193 K
Создание новой игры...
* Creating new game...
* Loading spawn registry...
* 8641 spawn points are successfully loaded
* Saving spawns...
* Saving objects...
* 15537 objects are successfully saved
* Game all.sav is successfully saved to file 'd:\sovahiblack-engine\game\appdata\savedgames\all.sav'
* New game is successfully created!
* phase time: 1242 ms
* phase cmem: 555902 K
Сервер: Соединяемся...
MaxPlayers = 32
* phase time: 17 ms
* phase cmem: 556002 K
Клиент: Соединение с localhost...
# Player not found. New player created.
* client : connection accepted - <>
* phase time: 11 ms
* phase cmem: 556027 K
Открытие потока...
* phase time: 10 ms
* phase cmem: 556027 K
Загрузка формы объектов...
* phase time: 1206 ms
* phase cmem: 628694 K
Загрузка шейдеров...
* phase time: 126 ms
* phase cmem: 630214 K
Загрузка геометрии...
* [Loading VB] 65532 verts, 2047 Kb
* [Loading VB] 65525 verts, 2047 Kb
* [Loading VB] 65535 verts, 2047 Kb
* [Loading VB] 65466 verts, 2045 Kb
* [Loading VB] 17208 verts, 537 Kb
* [Loading VB] 65533 verts, 2047 Kb
* [Loading VB] 65534 verts, 2047 Kb
* [Loading VB] 65534 verts, 2047 Kb
* [Loading VB] 65531 verts, 2047 Kb
* [Loading VB] 65535 verts, 2047 Kb
* [Loading VB] 65535 verts, 2047 Kb
* [Loading VB] 46595 verts, 1456 Kb
* [Loading VB] 65534 verts, 2047 Kb
* [Loading VB] 65533 verts, 2047 Kb
* [Loading VB] 65535 verts, 2047 Kb
* [Loading VB] 65532 verts, 2047 Kb
* [Loading VB] 65533 verts, 2047 Kb
* [Loading VB] 65533 verts, 2047 Kb
* [Loading VB] 53181 verts, 1661 Kb
* [Loading IB] 1048575 indices, 2047 Kb
* [Loading IB] 1048572 indices, 2047 Kb
* [Loading IB] 1048572 indices, 2047 Kb
* [Loading IB] 1048572 indices, 2047 Kb
* [Loading IB] 1048572 indices, 2047 Kb
* [Loading IB] 1048572 indices, 2047 Kb
* [Loading IB] 1048575 indices, 2047 Kb
* [Loading IB] 1048572 indices, 2047 Kb
* [Loading IB] 1048575 indices, 2047 Kb
* [Loading IB] 228285 indices, 445 Kb
* [Loading VB] 65533 verts, 767 Kb
* [Loading VB] 65534 verts, 767 Kb
* [Loading VB] 65534 verts, 767 Kb
* [Loading VB] 65535 verts, 767 Kb
* [Loading VB] 65535 verts, 767 Kb
* [Loading VB] 65534 verts, 767 Kb
* [Loading VB] 65535 verts, 767 Kb
* [Loading VB] 14030 verts, 164 Kb
* [Loading IB] 1048575 indices, 2047 Kb
* [Loading IB] 1048575 indices, 2047 Kb
* [Loading IB] 1048575 indices, 2047 Kb
* [Loading IB] 718302 indices, 1402 Kb
* phase time: 163 ms
* phase cmem: 699152 K
Загрузка базы пространств...
* phase time: 321 ms
* phase cmem: 703621 K
Загрузка детальных объектов...
* [DETAILS] VertexConsts(256), Batch(61)
* [DETAILS] 40687 v(20), 26352 p
* [DETAILS] Batch(61), VB(794K), IB(154K)
* phase time: 26 ms
* phase cmem: 704629 K
Загрузка секторов и порталов...
* Loading HOM: d:\sovahiblack-engine\game\resourcesogsm2.4.3\levels\l01_escape\level.hom
!!! L-register: 206080A0
!!! L-register: 20608310
!!! L-register: 20608580
!!! L-register: 36910BC0
!!! L-register: 36910E30
!!! L-register: 369110A0
!!! L-register: 36911310
!!! L-register: 36911580
!!! L-register: 369117F0
!!! L-register: 36911A60
!!! L-register: 36911CD0
!!! L-register: 36911F40
!!! L-register: 369121B0
!!! L-register: 36912420
!!! L-register: 36912690
!!! L-register: 36912900
!!! L-register: 36912B70
!!! L-register: 36912DE0
!!! L-register: 36913050
!!! L-register: 369132C0
!!! L-register: 36913530
!!! L-register: 369137A0
!!! L-register: 36913A10
!!! L-register: 36913C80
!!! L-register: 36913EF0
!!! L-register: 36914160
!!! L-register: 369143D0
!!! L-register: 36914640
!!! L-register: 369148B0
!!! L-register: 36914BE0
!!! L-register: 36914E50
!!! L-register: 369150C0
!!! L-register: 36915330
!!! L-register: 369155A0
!!! L-register: 36915810
!!! L-register: 36915A80
!!! L-register: 36915CF0
!!! L-register: 36915F60
!!! L-register: 369161D0
!!! L-register: 36916440
* phase time: 12 ms
* phase cmem: 704819 K
Загрузка ИИ объектов...
- Loading music tracks from 'l01_escape_musics'...
* phase time: 19 ms
* phase cmem: 704858 K
Клиент: Создание...
- Game configuring : Started 
- Game configuring : Finished 
* phase time: 82 ms
* phase cmem: 712596 K
Загрузка текстур...
* t-report - base: 1448, 567927 K
* t-report - lmap: 5, 5120 K
* phase time: 1664 ms
* phase cmem: 1012140 K
Клиент: Синхронизация...
!!! L-register: 369166B0
* phase time: 17 ms
* phase cmem: 1012140 K
* [win32]: free[2515956 K], reserved[155992 K], committed[1522292 K]
* [ D3D ]: textures[573048 K]
* [x-ray]: crt heap[1012140 K], process heap[1012140 K], game lua[28559 K], engine lua[126 K], render[0 K]
* [x-ray]: economy: strings[4495 K], smem[15587 K]
!!! L-register: 36916E00
!!! L-register: 36917070
!!! L-register: 369172E0
!!! L-register: 36917550
!!! L-register: 5F48E760
!!! L-register: 5F48E9D0
!!! L-register: 5F48EC40
!!! L-register: 5EA3D530
!!! L-register: 5EA3D7A0
!!! L-register: 5EA3DA10
!!! L-register: 5EA3DC80
!!! L-register: 5EA3E160
!!! L-register: 5EA3E3D0
!!! L-register: 5EA3E8B0
!!! L-register: 5EA3EB20
!!! L-register: 5EA3F000
!!! L-register: 5EA3F270
!!! L-register: 5EA3F750
!!! L-register: 5EA3F9C0
!!! L-register: 5EA3FEA0
!!! L-register: 5C3D6610
!!! L-register: 5C3D6AF0
!!! L-register: 5C3D6D60
!!! L-register: 5C3D7240
!!! L-register: 5C3D74B0
!!! L-register: 5C3D7990
!!! L-register: 5C3D7C00
!!! L-register: 5C3D7E70
!!! L-register: 5C3D80E0
!!! L-register: 5C3D85C0
!!! L-register: 5C3D8830
!!! L-register: 5C3D8AA0
!!! L-register: 5C3D8D10
!!! L-register: 5C3D8F80
!!! L-register: 5C3D91F0
!!! L-register: 5C3D9460
!!! L-register: 5C3D96D0
!!! L-register: 5C3D9940
!!! L-register: 5C3D9BB0
!!! L-register: 5C3DA090
!!! L-register: 5C3DA300
!!! L-register: 5B5F9010
!!! L-register: 5B5F9280
!!! L-register: 5B5F94F0
!!! L-register: 5B5F9760
!!! L-register: 5B5F99D0
!!! L-register: 5B5F9C40
!!! L-register: 5B5FAD50
!!! L-register: 5B5FAFC0
!!! L-register: 5A6C95D0
!!! L-register: 5A6C9840
!!! L-unregister: 5EA3E160
!!! L-unregister: 5EA3E3D0
!!! L-unregister: 5EA3E8B0
!!! L-unregister: 5EA3EB20
!!! L-unregister: 5EA3F000
!!! L-unregister: 5EA3F270
!!! L-unregister: 5EA3F750
!!! L-unregister: 5EA3F9C0
!!! L-unregister: 5EA3FEA0
!!! L-unregister: 5C3D6610
!!! L-unregister: 5C3D6AF0
!!! L-unregister: 5C3D6D60
!!! L-unregister: 5C3D7240
!!! L-unregister: 5C3D74B0
!!! L-unregister: 5B5FAD50
!!! L-unregister: 5B5FAFC0
!!! L-unregister: 5A6C95D0
!!! L-unregister: 5A6C9840
!!! L-register: 5FBD4210
!!! L-register: 5FBD4480
!!! L-unregister: 5FBD4210
!!! L-unregister: 5FBD4480
!!! L-register: 5F491F70
!!! L-register: 5FBD3FA0
!!! L-unregister: 5F491F70
!!! L-unregister: 5FBD3FA0
!!! L-register: 5F491A90
!!! L-register: 5F491D00
!!! L-unregister: 5F491A90
!!! L-unregister: 5F491D00
!!! L-register: 5F4915B0
!!! L-register: 5F491820
!!! L-unregister: 5F4915B0
!!! L-unregister: 5F491820
!!! L-register: 5F4910D0
!!! L-register: 5F491340
!!! L-unregister: 5F4910D0
!!! L-unregister: 5F491340
!!! L-register: 36917A30
!!! L-register: 36917CA0
!!! L-unregister: 36917A30
!!! L-unregister: 36917CA0
!!! L-register: 5F490BF0
!!! L-register: 5F490E60
!!! L-unregister: 5F490BF0
!!! L-unregister: 5F490E60
!!! L-register: 36918660
!!! L-register: 369188D0
!!! L-unregister: 36918660
!!! L-unregister: 369188D0
!!! L-register: 5FBD4BD0
!!! L-register: 5FBD4E40
!!! L-unregister: 5FBD4BD0
!!! L-unregister: 5FBD4E40
Intro start 30188
!!! L-unregister: 369166B0
* MEMORY USAGE: 1058190 K
!!! L-register: 36918660
!!! L-register: 369188D0
!!! L-unregister: 36918660
!!! L-unregister: 369188D0
!!! L-register: 36917A30
!!! L-register: 36917CA0
!!! L-unregister: 36917A30
!!! L-unregister: 36917CA0
!!! L-register: 5F491F70
!!! L-register: 5FBD3FA0
!!! L-unregister: 5F491F70
!!! L-unregister: 5FBD3FA0
!!! L-register: 5FBD4210
!!! L-register: 5FBD4480
!!! L-unregister: 5FBD4210
!!! L-unregister: 5FBD4480
!!! L-register: 5F491A90
!!! L-register: 5F491D00
!!! L-unregister: 5F491A90
!!! L-unregister: 5F491D00
!!! L-register: 5F490BF0
!!! L-register: 5F490E60
!!! L-unregister: 5F490BF0
!!! L-unregister: 5F490E60
!!! L-register: 5F4910D0
!!! L-register: 5F491340
!!! L-unregister: 5F4910D0
!!! L-unregister: 5F491340
!!! L-register: 5F4915B0
!!! L-register: 5F491820
!!! L-unregister: 5F4915B0
!!! L-unregister: 5F491820
!!! L-register: 5FBD4BD0
!!! L-register: 5FBD4E40
!!! L-unregister: 5FBD4BD0
!!! L-unregister: 5FBD4E40
!!! L-register: 36918660
!!! L-register: 369188D0
!!! L-unregister: 36918660
!!! L-unregister: 369188D0
!!! L-register: 36917A30
!!! L-register: 36917CA0
!!! L-unregister: 36917A30
!!! L-unregister: 36917CA0
!!! L-register: 5FBD4210
!!! L-register: 5FBD4480
!!! L-unregister: 5FBD4210
!!! L-unregister: 5FBD4480
!!! L-register: 5F491F70
!!! L-register: 5FBD3FA0
!!! L-unregister: 5F491F70
!!! L-unregister: 5FBD3FA0
!!! L-register: 5F491A90
!!! L-register: 5F491D00
!!! L-unregister: 5F491A90
!!! L-unregister: 5F491D00
!!! L-register: 5F4915B0
!!! L-register: 5F491820
!!! L-unregister: 5F4915B0
!!! L-unregister: 5F491820
!!! L-register: 5F4910D0
!!! L-register: 5F491340
!!! L-unregister: 5F4910D0
!!! L-unregister: 5F491340
!!! L-register: 5F490BF0
!!! L-register: 5F490E60
!!! L-unregister: 5F490BF0
!!! L-unregister: 5F490E60
!!! L-register: 5FBD4BD0
!!! L-register: 5FBD4E40
!!! L-unregister: 5FBD4BD0
!!! L-unregister: 5FBD4E40
!!! L-register: 36918660
!!! L-register: 369188D0
!!! L-unregister: 36918660
!!! L-unregister: 369188D0
!!! L-register: 36917A30
!!! L-register: 36917CA0
!!! L-unregister: 36917A30
!!! L-unregister: 36917CA0
!!! L-register: 5F491F70
!!! L-register: 5FBD3FA0
!!! L-unregister: 5F491F70
!!! L-unregister: 5FBD3FA0
!!! L-register: 5FBD4210
!!! L-register: 5FBD4480
!!! L-unregister: 5FBD4210
!!! L-unregister: 5FBD4480
!!! L-register: 5F491A90
!!! L-register: 5F491D00
!!! L-unregister: 5F491A90
!!! L-unregister: 5F491D00
!!! L-register: 5F4910D0
!!! L-register: 5F491340
!!! L-unregister: 5F4910D0
!!! L-unregister: 5F491340
!!! L-register: 5F490BF0
!!! L-register: 5F490E60
!!! L-unregister: 5F490BF0
!!! L-unregister: 5F490E60
!!! L-register: 5F4915B0
!!! L-register: 5F491820
!!! L-unregister: 5F4915B0
!!! L-unregister: 5F491820
!!! L-register: 5FBD4BD0
!!! L-register: 5FBD4E40
!!! L-unregister: 5FBD4BD0
!!! L-unregister: 5FBD4E40
!!! L-register: 36918660
!!! L-register: 369188D0
!!! L-unregister: 36918660
!!! L-unregister: 369188D0
!!! L-register: 36917A30
!!! L-register: 36917CA0
!!! L-unregister: 36917A30
!!! L-unregister: 36917CA0
!!! L-register: 5FBD4210
!!! L-register: 5FBD4480
!!! L-unregister: 5FBD4210
!!! L-unregister: 5FBD4480
!!! L-register: 5F491F70
!!! L-register: 5FBD3FA0
!!! L-unregister: 5F491F70
!!! L-unregister: 5FBD3FA0
!!! L-register: 5F491A90
!!! L-register: 5F491D00
!!! L-unregister: 5F491A90
!!! L-unregister: 5F491D00
!!! L-register: 5F4915B0
!!! L-register: 5F491820
!!! L-unregister: 5F4915B0
!!! L-unregister: 5F491820
!!! L-register: 5F490BF0
!!! L-register: 5F490E60
!!! L-unregister: 5F490BF0
!!! L-unregister: 5F490E60
!!! L-register: 5F4910D0
!!! L-register: 5F491340
!!! L-unregister: 5F4910D0
!!! L-unregister: 5F491340
!!! L-register: 5FBD4BD0
!!! L-register: 5FBD4E40
!!! L-unregister: 5FBD4BD0
!!! L-unregister: 5FBD4E40
!!! L-register: 36918660
!!! L-register: 369188D0
!!! L-unregister: 36918660
!!! L-unregister: 369188D0
!!! L-register: 36917A30
!!! L-register: 36917CA0
!!! L-unregister: 36917A30
!!! L-unregister: 36917CA0
!!! L-register: 5F491F70
!!! L-register: 5FBD3FA0
!!! L-unregister: 5F491F70
!!! L-unregister: 5FBD3FA0
!!! L-register: 5FBD4210
!!! L-register: 5FBD4480
!!! L-unregister: 5FBD4210
!!! L-unregister: 5FBD4480
!!! L-register: 5F491A90
!!! L-register: 5F491D00
!!! L-unregister: 5F491A90
!!! L-unregister: 5F491D00
!!! L-register: 5F4915B0
!!! L-register: 5F491820
!!! L-unregister: 5F4915B0
!!! L-unregister: 5F491820
!!! L-register: 5F490BF0
!!! L-register: 5F490E60
!!! L-unregister: 5F490BF0
!!! L-unregister: 5F490E60
!!! L-register: 5F4910D0
!!! L-register: 5F491340
!!! L-unregister: 5F4910D0
!!! L-unregister: 5F491340
!!! L-register: 5FBD4BD0
!!! L-register: 5FBD4E40
!!! L-unregister: 5FBD4BD0
!!! L-unregister: 5FBD4E40
!!! L-register: 36918660
!!! L-register: 369188D0
!!! L-unregister: 36918660
!!! L-unregister: 369188D0
!!! L-register: 36917A30
!!! L-register: 36917CA0
!!! L-unregister: 36917A30
!!! L-unregister: 36917CA0
!!! L-register: 36918660
!!! L-register: 369188D0
!!! L-unregister: 36918660
!!! L-unregister: 369188D0
!!! L-register: 5FBD4210
!!! L-register: 5FBD4480
!!! L-unregister: 5FBD4210
!!! L-unregister: 5FBD4480
!!! L-register: 5F491F70
!!! L-register: 5FBD3FA0
!!! L-unregister: 5F491F70
!!! L-unregister: 5FBD3FA0
!!! L-register: 5F491A90
!!! L-register: 5F491D00
!!! L-unregister: 5F491A90
!!! L-unregister: 5F491D00
!!! L-register: 5F490BF0
!!! L-register: 5F490E60
!!! L-unregister: 5F490BF0
!!! L-unregister: 5F490E60
!!! L-register: 5F4910D0
!!! L-register: 5F491340
!!! L-unregister: 5F4910D0
!!! L-unregister: 5F491340
!!! L-register: 5F4915B0
!!! L-register: 5F491820
!!! L-unregister: 5F4915B0
!!! L-unregister: 5F491820
!!! L-register: 5FBD4BD0
!!! L-register: 5FBD4E40
!!! L-unregister: 5FBD4BD0
!!! L-unregister: 5FBD4E40
!!! L-register: 36917A30
!!! L-register: 36917CA0
!!! L-unregister: 36917A30
!!! L-unregister: 36917CA0
!!! L-register: 36918660
!!! L-register: 369188D0
!!! L-unregister: 36918660
!!! L-unregister: 369188D0
!!! L-register: 5FBD4210
!!! L-register: 5FBD4480
!!! L-unregister: 5FBD4210
!!! L-unregister: 5FBD4480
!!! L-register: 5F491F70
!!! L-register: 5FBD3FA0
!!! L-unregister: 5F491F70
!!! L-unregister: 5FBD3FA0
!!! L-register: 5F491A90
!!! L-register: 5F491D00
!!! L-unregister: 5F491A90
!!! L-unregister: 5F491D00
!!! L-register: 5F490BF0
!!! L-register: 5F490E60
!!! L-unregister: 5F490BF0
!!! L-unregister: 5F490E60
!!! L-register: 5F4915B0
!!! L-register: 5F491820
!!! L-unregister: 5F4915B0
!!! L-unregister: 5F491820
!!! L-register: 5F4910D0
!!! L-register: 5F491340
!!! L-unregister: 5F4910D0
!!! L-unregister: 5F491340
!!! L-register: 5FBD4BD0
!!! L-register: 5FBD4E40
!!! L-unregister: 5FBD4BD0
!!! L-unregister: 5FBD4E40
!!! L-register: 36917A30
!!! L-register: 36917CA0
!!! L-unregister: 36917A30
!!! L-unregister: 36917CA0
!!! L-register: 36918660
!!! L-register: 369188D0
!!! L-unregister: 36918660
!!! L-unregister: 369188D0
!!! L-register: 5FBD4210
!!! L-register: 5FBD4480
!!! L-unregister: 5FBD4210
!!! L-unregister: 5FBD4480
!!! L-register: 5F491F70
!!! L-register: 5FBD3FA0
!!! L-unregister: 5F491F70
!!! L-unregister: 5FBD3FA0
!!! L-register: 5F491A90
!!! L-register: 5F491D00
!!! L-unregister: 5F491A90
!!! L-unregister: 5F491D00
!!! L-register: 5F490BF0
!!! L-register: 5F490E60
!!! L-unregister: 5F490BF0
!!! L-unregister: 5F490E60
!!! L-register: 5F4910D0
!!! L-register: 5F491340
!!! L-unregister: 5F4910D0
!!! L-unregister: 5F491340
!!! L-register: 5F4915B0
!!! L-register: 5F491820
!!! L-unregister: 5F4915B0
!!! L-unregister: 5F491820
!!! L-register: 5FBD4BD0
!!! L-register: 5FBD4E40
!!! L-unregister: 5FBD4BD0
!!! L-unregister: 5FBD4E40
!!! L-register: 36917A30
!!! L-register: 36917CA0
!!! L-unregister: 36917A30
!!! L-unregister: 36917CA0
!!! L-register: 36918660
!!! L-register: 369188D0
!!! L-unregister: 36918660
!!! L-unregister: 369188D0
!!! L-register: 5F491F70
!!! L-register: 5FBD3FA0
!!! L-unregister: 5F491F70
!!! L-unregister: 5FBD3FA0
!!! L-register: 5FBD4210
!!! L-register: 5FBD4480
!!! L-unregister: 5FBD4210
!!! L-unregister: 5FBD4480
!!! L-register: 5F491A90
!!! L-register: 5F491D00
!!! L-unregister: 5F491A90
!!! L-unregister: 5F491D00
!!! L-register: 5F4915B0
!!! L-register: 5F491820
!!! L-unregister: 5F4915B0
!!! L-unregister: 5F491820
!!! L-register: 5F490BF0
!!! L-register: 5F490E60
!!! L-unregister: 5F490BF0
!!! L-unregister: 5F490E60
!!! L-register: 5F4910D0
!!! L-register: 5F491340
!!! L-unregister: 5F4910D0
!!! L-unregister: 5F491340
!!! L-register: 36917A30
!!! L-register: 36917CA0
!!! L-unregister: 36917A30
!!! L-unregister: 36917CA0
!!! L-register: 5FBD4BD0
!!! L-register: 5FBD4E40
!!! L-unregister: 5FBD4BD0
!!! L-unregister: 5FBD4E40
!!! L-register: 36918660
!!! L-register: 369188D0
!!! L-unregister: 36918660
!!! L-unregister: 369188D0
!!! L-register: 36917A30
!!! L-register: 36917CA0
!!! L-unregister: 36917A30
!!! L-unregister: 36917CA0
!!! L-register: 5FBD4210
!!! L-register: 5FBD4480
!!! L-unregister: 5FBD4210
!!! L-unregister: 5FBD4480
!!! L-register: 5F491F70
!!! L-register: 5FBD3FA0
!!! L-unregister: 5F491F70
!!! L-unregister: 5FBD3FA0
!!! L-register: 5F491A90
!!! L-register: 5F491D00
!!! L-unregister: 5F491A90
!!! L-unregister: 5F491D00
!!! L-register: 5F490BF0
!!! L-register: 5F490E60
!!! L-unregister: 5F490BF0
!!! L-unregister: 5F490E60
!!! L-register: 5F4910D0
!!! L-register: 5F491340
!!! L-unregister: 5F4910D0
!!! L-unregister: 5F491340
!!! L-register: 5F4915B0
!!! L-register: 5F491820
!!! L-unregister: 5F4915B0
!!! L-unregister: 5F491820
!!! L-register: 5FBD4BD0
!!! L-register: 5FBD4E40
!!! L-unregister: 5FBD4BD0
!!! L-unregister: 5FBD4E40
!!! L-register: 36918660
!!! L-register: 369188D0
!!! L-unregister: 36918660
!!! L-unregister: 369188D0
!!! L-register: 36917A30
!!! L-register: 36917CA0
!!! L-unregister: 36917A30
!!! L-unregister: 36917CA0
!!! L-register: 5FBD4210
!!! L-register: 5FBD4480
!!! L-unregister: 5FBD4210
!!! L-unregister: 5FBD4480
!!! L-register: 5F491F70
!!! L-register: 5FBD3FA0
!!! L-unregister: 5F491F70
!!! L-unregister: 5FBD3FA0
!!! L-register: 5F491A90
!!! L-register: 5F491D00
!!! L-unregister: 5F491A90
!!! L-unregister: 5F491D00
!!! L-register: 5F490BF0
!!! L-register: 5F490E60
!!! L-unregister: 5F490BF0
!!! L-unregister: 5F490E60
!!! L-register: 5F4915B0
!!! L-register: 5F491820
!!! L-unregister: 5F4915B0
!!! L-unregister: 5F491820
!!! L-register: 5F4910D0
!!! L-register: 5F491340
!!! L-unregister: 5F4910D0
!!! L-unregister: 5F491340
!!! L-register: 5FBD4BD0
!!! L-register: 5FBD4E40
!!! L-unregister: 5FBD4BD0
!!! L-unregister: 5FBD4E40
!!! L-register: 36918660
!!! L-register: 369188D0
!!! L-unregister: 36918660
!!! L-unregister: 369188D0
!!! L-register: 36917A30
!!! L-register: 36917CA0
!!! L-unregister: 36917A30
!!! L-unregister: 36917CA0
!!! L-register: 5F491F70
!!! L-register: 5FBD3FA0
!!! L-unregister: 5F491F70
!!! L-unregister: 5FBD3FA0
!!! L-register: 5FBD4210
!!! L-register: 5FBD4480
!!! L-unregister: 5FBD4210
!!! L-unregister: 5FBD4480
!!! L-register: 5F491A90
!!! L-register: 5F491D00
!!! L-unregister: 5F491A90
!!! L-unregister: 5F491D00
!!! L-register: 5F4910D0
!!! L-register: 5F491340
!!! L-unregister: 5F4910D0
!!! L-unregister: 5F491340
!!! L-register: 5F490BF0
!!! L-register: 5F490E60
!!! L-unregister: 5F490BF0
!!! L-unregister: 5F490E60
!!! L-register: 5F4915B0
!!! L-register: 5F491820
!!! L-unregister: 5F4915B0
!!! L-unregister: 5F491820
!!! L-register: 5FBD4BD0
!!! L-register: 5FBD4E40
!!! L-unregister: 5FBD4BD0
!!! L-unregister: 5FBD4E40
!!! L-register: 36918660
!!! L-register: 369188D0
!!! L-unregister: 36918660
!!! L-unregister: 369188D0
!!! L-register: 36917A30
!!! L-register: 36917CA0
!!! L-unregister: 36917A30
!!! L-unregister: 36917CA0
!!! L-register: 5FBD4210
!!! L-register: 5FBD4480
!!! L-unregister: 5FBD4210
!!! L-unregister: 5FBD4480
!!! L-register: 5F491F70
!!! L-register: 5FBD3FA0
!!! L-unregister: 5F491F70
!!! L-unregister: 5FBD3FA0
!!! L-register: 5F491A90
!!! L-register: 5F491D00
!!! L-unregister: 5F491A90
!!! L-unregister: 5F491D00
!!! L-register: 5F4910D0
!!! L-register: 5F491340
!!! L-unregister: 5F4910D0
!!! L-unregister: 5F491340
!!! L-register: 5F490BF0
!!! L-register: 5F490E60
!!! L-unregister: 5F490BF0
!!! L-unregister: 5F490E60
!!! L-register: 5F4915B0
!!! L-register: 5F491820
!!! L-unregister: 5F4915B0
!!! L-unregister: 5F491820
!!! L-register: 5FBD4BD0
!!! L-register: 5FBD4E40
!!! L-unregister: 5FBD4BD0
!!! L-unregister: 5FBD4E40
!!! L-register: 36918660
!!! L-register: 369188D0
!!! L-unregister: 36918660
!!! L-unregister: 369188D0
!!! L-register: 36917A30
!!! L-register: 36917CA0
!!! L-unregister: 36917A30
!!! L-unregister: 36917CA0
!!! L-register: 5F491F70
!!! L-register: 5FBD3FA0
!!! L-unregister: 5F491F70
!!! L-unregister: 5FBD3FA0
!!! L-register: 5FBD4210
!!! L-register: 5FBD4480
!!! L-unregister: 5FBD4210
!!! L-unregister: 5FBD4480
!!! L-register: 5F491A90
!!! L-register: 5F491D00
!!! L-unregister: 5F491A90
!!! L-unregister: 5F491D00
!!! L-register: 5F490BF0
!!! L-register: 5F490E60
!!! L-unregister: 5F490BF0
!!! L-unregister: 5F490E60
!!! L-register: 5F4915B0
!!! L-register: 5F491820
!!! L-unregister: 5F4915B0
!!! L-unregister: 5F491820
!!! L-register: 5F4910D0
!!! L-register: 5F491340
!!! L-unregister: 5F4910D0
!!! L-unregister: 5F491340
!!! L-register: 5FBD4BD0
!!! L-register: 5FBD4E40
!!! L-unregister: 5FBD4BD0
!!! L-unregister: 5FBD4E40
!!! L-register: 36918660
!!! L-register: 369188D0
!!! L-unregister: 36918660
!!! L-unregister: 369188D0
!!! L-register: 36917A30
!!! L-register: 36917CA0
!!! L-unregister: 36917A30
!!! L-unregister: 36917CA0
!!! L-register: 5FBD4210
!!! L-register: 5FBD4480
!!! L-unregister: 5FBD4210
!!! L-unregister: 5FBD4480
!!! L-register: 5F491F70
!!! L-register: 5FBD3FA0
!!! L-unregister: 5F491F70
!!! L-unregister: 5FBD3FA0
!!! L-register: 36918660
!!! L-register: 369188D0
!!! L-unregister: 36918660
!!! L-unregister: 369188D0
!!! L-register: 5F491A90
!!! L-register: 5F491D00
!!! L-unregister: 5F491A90
!!! L-unregister: 5F491D00
!!! L-register: 5F4915B0
!!! L-register: 5F491820
!!! L-unregister: 5F4915B0
!!! L-unregister: 5F491820
!!! L-register: 5F490BF0
!!! L-register: 5F490E60
!!! L-unregister: 5F490BF0
!!! L-unregister: 5F490E60
!!! L-register: 5F4910D0
!!! L-register: 5F491340
!!! L-unregister: 5F4910D0
!!! L-unregister: 5F491340
!!! L-register: 5FBD4BD0
!!! L-register: 5FBD4E40
!!! L-unregister: 5FBD4BD0
!!! L-unregister: 5FBD4E40
!!! L-register: 5EA3F750
!!! L-register: 5EA3F9C0
!!! L-register: 36917A30
!!! L-register: 36917CA0
!!! L-unregister: 36917A30
!!! L-unregister: 36917CA0
!!! L-register: 36918660
!!! L-register: 369188D0
!!! L-unregister: 36918660
!!! L-unregister: 369188D0
!!! L-register: 5F491F70
!!! L-register: 5FBD3FA0
!!! L-unregister: 5F491F70
!!! L-unregister: 5FBD3FA0
!!! L-register: 5FBD4210
!!! L-register: 5FBD4480
!!! L-unregister: 5FBD4210
!!! L-unregister: 5FBD4480
!!! L-register: 5F491A90
!!! L-register: 5F491D00
!!! L-unregister: 5F491A90
!!! L-unregister: 5F491D00
!!! L-register: 5F4910D0
!!! L-register: 5F491340
!!! L-unregister: 5F4910D0
!!! L-unregister: 5F491340
!!! L-register: 5F490BF0
!!! L-register: 5F490E60
!!! L-unregister: 5F490BF0
!!! L-unregister: 5F490E60
!!! L-register: 5F4915B0
!!! L-register: 5F491820
!!! L-unregister: 5F4915B0
!!! L-unregister: 5F491820
!!! L-register: 5FBD4BD0
!!! L-register: 5FBD4E40
!!! L-unregister: 5FBD4BD0
!!! L-unregister: 5FBD4E40
!!! L-register: 36917A30
!!! L-register: 36917CA0
!!! L-unregister: 36917A30
!!! L-unregister: 36917CA0
!!! L-register: 36918660
!!! L-register: 369188D0
!!! L-unregister: 36918660
!!! L-unregister: 369188D0
!!! L-register: 5F491F70
!!! L-register: 5FBD3FA0
!!! L-unregister: 5F491F70
!!! L-unregister: 5FBD3FA0
!!! L-register: 5FBD4210
!!! L-register: 5FBD4480
!!! L-unregister: 5FBD4210
!!! L-unregister: 5FBD4480
!!! L-register: 5F491A90
!!! L-register: 5F491D00
!!! L-unregister: 5F491A90
!!! L-unregister: 5F491D00
!!! L-register: 5F4915B0
!!! L-register: 5F491820
!!! L-unregister: 5F4915B0
!!! L-unregister: 5F491820
!!! L-register: 5F490BF0
!!! L-register: 5F490E60
!!! L-unregister: 5F490BF0
!!! L-unregister: 5F490E60
!!! L-register: 5F4910D0
!!! L-register: 5F491340
!!! L-unregister: 5F4910D0
!!! L-unregister: 5F491340
!!! L-register: 5FBD4BD0
!!! L-register: 5FBD4E40
!!! L-unregister: 5FBD4BD0
!!! L-unregister: 5FBD4E40
!!! L-register: 36917A30
!!! L-register: 36917CA0
!!! L-unregister: 36917A30
!!! L-unregister: 36917CA0
!!! L-register: 36918660
!!! L-register: 369188D0
!!! L-unregister: 36918660
!!! L-unregister: 369188D0
!!! L-register: 5FBD4210
!!! L-register: 5FBD4480
!!! L-unregister: 5FBD4210
!!! L-unregister: 5FBD4480
!!! L-register: 5F491F70
!!! L-register: 5FBD3FA0
!!! L-unregister: 5F491F70
!!! L-unregister: 5FBD3FA0
!!! L-register: 5F491A90
!!! L-register: 5F491D00
!!! L-unregister: 5F491A90
!!! L-unregister: 5F491D00
!!! L-register: 5F4915B0
!!! L-register: 5F491820
!!! L-unregister: 5F4915B0
!!! L-unregister: 5F491820
!!! L-register: 5F490BF0
!!! L-register: 5F490E60
!!! L-unregister: 5F490BF0
!!! L-unregister: 5F490E60
!!! L-register: 5F4910D0
!!! L-register: 5F491340
!!! L-unregister: 5F4910D0
!!! L-unregister: 5F491340
!!! L-register: 5FBD4BD0
!!! L-register: 5FBD4E40
!!! L-unregister: 5FBD4BD0
!!! L-unregister: 5FBD4E40
!!! L-register: 36917A30
!!! L-register: 36917CA0
!!! L-unregister: 36917A30
!!! L-unregister: 36917CA0
!!! L-register: 36918660
!!! L-register: 369188D0
!!! L-unregister: 36918660
!!! L-unregister: 369188D0
!!! L-register: 5FBD4210
!!! L-register: 5FBD4480
!!! L-unregister: 5FBD4210
!!! L-unregister: 5FBD4480
!!! L-register: 5F491F70
!!! L-register: 5FBD3FA0
!!! L-unregister: 5F491F70
!!! L-unregister: 5FBD3FA0
!!! L-register: 5F491A90
!!! L-register: 5F491D00
!!! L-unregister: 5F491A90
!!! L-unregister: 5F491D00
!!! L-register: 5F4915B0
!!! L-register: 5F491820
!!! L-unregister: 5F4915B0
!!! L-unregister: 5F491820
!!! L-register: 5F490BF0
!!! L-register: 5F490E60
!!! L-unregister: 5F490BF0
!!! L-unregister: 5F490E60
!!! L-register: 5F4910D0
!!! L-register: 5F491340
!!! L-unregister: 5F4910D0
!!! L-unregister: 5F491340
!!! L-register: 5FBD4BD0
!!! L-register: 5FBD4E40
!!! L-unregister: 5FBD4BD0
!!! L-unregister: 5FBD4E40
!!! L-register: 36918660
!!! L-register: 369188D0
!!! L-unregister: 36918660
!!! L-unregister: 369188D0
!!! L-register: 36917A30
!!! L-register: 36917CA0
!!! L-unregister: 36917A30
!!! L-unregister: 36917CA0
!!! L-register: 5FBD4210
!!! L-register: 5FBD4480
!!! L-unregister: 5FBD4210
!!! L-unregister: 5FBD4480
!!! L-register: 5F491F70
!!! L-register: 5FBD3FA0
!!! L-unregister: 5F491F70
!!! L-unregister: 5FBD3FA0
!!! L-register: 5F491A90
!!! L-register: 5F491D00
!!! L-unregister: 5F491A90
!!! L-unregister: 5F491D00
!!! L-register: 5F490BF0
!!! L-register: 5F490E60
!!! L-unregister: 5F490BF0
!!! L-unregister: 5F490E60
!!! L-register: 5F4915B0
!!! L-register: 5F491820
!!! L-unregister: 5F4915B0
!!! L-unregister: 5F491820
!!! L-register: 5F4910D0
!!! L-register: 5F491340
!!! L-unregister: 5F4910D0
!!! L-unregister: 5F491340
!!! L-register: 5FBD4BD0
!!! L-register: 5FBD4E40
!!! L-unregister: 5FBD4BD0
!!! L-unregister: 5FBD4E40
!!! L-register: 36918660
!!! L-register: 369188D0
!!! L-unregister: 36918660
!!! L-unregister: 369188D0
!!! L-register: 36917A30
!!! L-register: 36917CA0
!!! L-unregister: 36917A30
!!! L-unregister: 36917CA0
!!! L-register: 5FBD4210
!!! L-register: 5FBD4480
!!! L-unregister: 5FBD4210
!!! L-unregister: 5FBD4480
!!! L-register: 5F491F70
!!! L-register: 5FBD3FA0
!!! L-unregister: 5F491F70
!!! L-unregister: 5FBD3FA0
!!! L-register: 5F491A90
!!! L-register: 5F491D00
!!! L-unregister: 5F491A90
!!! L-unregister: 5F491D00
!!! L-register: 5F490BF0
!!! L-register: 5F490E60
!!! L-unregister: 5F490BF0
!!! L-unregister: 5F490E60
!!! L-register: 5F4910D0
!!! L-register: 5F491340
!!! L-unregister: 5F4910D0
!!! L-unregister: 5F491340
!!! L-register: 5F4915B0
!!! L-register: 5F491820
!!! L-unregister: 5F4915B0
!!! L-unregister: 5F491820
!!! L-register: 5FBD4BD0
!!! L-register: 5FBD4E40
!!! L-unregister: 5FBD4BD0
!!! L-unregister: 5FBD4E40
!!! L-register: 36918660
!!! L-register: 369188D0
!!! L-unregister: 36918660
!!! L-unregister: 369188D0
!!! L-register: 36917A30
!!! L-register: 36917CA0
!!! L-unregister: 36917A30
!!! L-unregister: 36917CA0
!!! L-register: 5F491F70
!!! L-register: 5FBD3FA0
!!! L-unregister: 5F491F70
!!! L-unregister: 5FBD3FA0
!!! L-register: 5FBD4210
!!! L-register: 5FBD4480
!!! L-unregister: 5FBD4210
!!! L-unregister: 5FBD4480
!!! L-register: 5F491A90
!!! L-register: 5F491D00
!!! L-unregister: 5F491A90
!!! L-unregister: 5F491D00
!!! L-register: 5F490BF0
!!! L-register: 5F490E60
!!! L-unregister: 5F490BF0
!!! L-unregister: 5F490E60
!!! L-register: 5F4910D0
!!! L-register: 5F491340
!!! L-unregister: 5F4910D0
!!! L-unregister: 5F491340
!!! L-register: 5F4915B0
!!! L-register: 5F491820
!!! L-unregister: 5F4915B0
!!! L-unregister: 5F491820
!!! L-register: 5FBD4BD0
!!! L-register: 5FBD4E40
!!! L-unregister: 5FBD4BD0
!!! L-unregister: 5FBD4E40
!!! L-register: 36918660
!!! L-register: 369188D0
!!! L-unregister: 36918660
!!! L-unregister: 369188D0
!!! L-register: 36917A30
!!! L-register: 36917CA0
!!! L-unregister: 36917A30
!!! L-unregister: 36917CA0
!!! L-register: 5F491F70
!!! L-register: 5FBD3FA0
!!! L-unregister: 5F491F70
!!! L-unregister: 5FBD3FA0
!!! L-register: 5FBD4210
!!! L-register: 5FBD4480
!!! L-unregister: 5FBD4210
!!! L-unregister: 5FBD4480
!!! L-register: 5F491A90
!!! L-register: 5F491D00
!!! L-unregister: 5F491A90
!!! L-unregister: 5F491D00
!!! L-register: 5F4915B0
!!! L-register: 5F491820
!!! L-unregister: 5F4915B0
!!! L-unregister: 5F491820
!!! L-register: 5F490BF0
!!! L-register: 5F490E60
!!! L-unregister: 5F490BF0
!!! L-unregister: 5F490E60
!!! L-register: 5F4910D0
!!! L-register: 5F491340
!!! L-unregister: 5F4910D0
!!! L-unregister: 5F491340
!!! L-register: 5FBD4BD0
!!! L-register: 5FBD4E40
!!! L-unregister: 5FBD4BD0
!!! L-unregister: 5FBD4E40
!!! L-register: 36918660
!!! L-register: 369188D0
!!! L-unregister: 36918660
!!! L-unregister: 369188D0
!!! L-register: 36917A30
!!! L-register: 36917CA0
!!! L-unregister: 36917A30
!!! L-unregister: 36917CA0
!!! L-register: 5F491F70
!!! L-register: 5FBD3FA0
!!! L-unregister: 5F491F70
!!! L-unregister: 5FBD3FA0
!!! L-register: 5FBD4210
!!! L-register: 5FBD4480
!!! L-unregister: 5FBD4210
!!! L-unregister: 5FBD4480
!!! L-register: 5F491A90
!!! L-register: 5F491D00
!!! L-unregister: 5F491A90
!!! L-unregister: 5F491D00
!!! L-register: 5F490BF0
!!! L-register: 5F490E60
!!! L-unregister: 5F490BF0
!!! L-unregister: 5F490E60
!!! L-register: 5F4915B0
!!! L-register: 5F491820
!!! L-unregister: 5F4915B0
!!! L-unregister: 5F491820
!!! L-register: 5F4910D0
!!! L-register: 5F491340
!!! L-unregister: 5F4910D0
!!! L-unregister: 5F491340
!!! L-register: 36918660
!!! L-register: 369188D0
!!! L-unregister: 36918660
!!! L-unregister: 369188D0
!!! L-register: 5FBD4BD0
!!! L-register: 5FBD4E40
!!! L-unregister: 5FBD4BD0
!!! L-unregister: 5FBD4E40
!!! L-register: 36917A30
!!! L-register: 36917CA0
!!! L-unregister: 36917A30
!!! L-unregister: 36917CA0
!!! L-register: 36918660
!!! L-register: 369188D0
!!! L-unregister: 36918660
!!! L-unregister: 369188D0
!!! L-register: 5FBD4210
!!! L-register: 5FBD4480
!!! L-unregister: 5FBD4210
!!! L-unregister: 5FBD4480
!!! L-register: 5F491F70
!!! L-register: 5FBD3FA0
!!! L-unregister: 5F491F70
!!! L-unregister: 5FBD3FA0
!!! L-register: 5F491A90
!!! L-register: 5F491D00
!!! L-unregister: 5F491A90
!!! L-unregister: 5F491D00
!!! L-register: 5F4910D0
!!! L-register: 5F491340
!!! L-unregister: 5F4910D0
!!! L-unregister: 5F491340
!!! L-register: 5F490BF0
!!! L-register: 5F490E60
!!! L-unregister: 5F490BF0
!!! L-unregister: 5F490E60
!!! L-register: 5F4915B0
!!! L-register: 5F491820
!!! L-unregister: 5F4915B0
!!! L-unregister: 5F491820
!!! L-register: 5FBD4BD0
!!! L-register: 5FBD4E40
!!! L-unregister: 5FBD4BD0
!!! L-unregister: 5FBD4E40
!!! L-register: 36917A30
!!! L-register: 36917CA0
!!! L-unregister: 36917A30
!!! L-unregister: 36917CA0
!!! L-register: 36918660
!!! L-register: 369188D0
!!! L-unregister: 36918660
!!! L-unregister: 369188D0
!!! L-register: 5F491F70
!!! L-register: 5FBD3FA0
!!! L-unregister: 5F491F70
!!! L-unregister: 5FBD3FA0
!!! L-register: 5FBD4210
!!! L-register: 5FBD4480
!!! L-unregister: 5FBD4210
!!! L-unregister: 5FBD4480
!!! L-register: 5F491A90
!!! L-register: 5F491D00
!!! L-unregister: 5F491A90
!!! L-unregister: 5F491D00
!!! L-register: 5F490BF0
!!! L-register: 5F490E60
!!! L-unregister: 5F490BF0
!!! L-unregister: 5F490E60
!!! L-register: 5F4915B0
!!! L-register: 5F491820
!!! L-unregister: 5F4915B0
!!! L-unregister: 5F491820
!!! L-register: 5F4910D0
!!! L-register: 5F491340
!!! L-unregister: 5F4910D0
!!! L-unregister: 5F491340
!!! L-register: 5FBD4BD0
!!! L-register: 5FBD4E40
!!! L-unregister: 5FBD4BD0
!!! L-unregister: 5FBD4E40
!!! L-register: 36917A30
!!! L-register: 36917CA0
!!! L-unregister: 36917A30
!!! L-unregister: 36917CA0
!!! L-register: 36918660
!!! L-register: 369188D0
!!! L-unregister: 36918660
!!! L-unregister: 369188D0
!!! L-register: 5FBD4210
!!! L-register: 5FBD4480
!!! L-unregister: 5FBD4210
!!! L-unregister: 5FBD4480
!!! L-register: 5F491F70
!!! L-register: 5FBD3FA0
!!! L-unregister: 5F491F70
!!! L-unregister: 5FBD3FA0
!!! L-register: 5F491A90
!!! L-register: 5F491D00
!!! L-unregister: 5F491A90
!!! L-unregister: 5F491D00
!!! L-register: 5F4915B0
!!! L-register: 5F491820
!!! L-unregister: 5F4915B0
!!! L-unregister: 5F491820
!!! L-register: 5F490BF0
!!! L-register: 5F490E60
!!! L-unregister: 5F490BF0
!!! L-unregister: 5F490E60
!!! L-register: 5F4910D0
!!! L-register: 5F491340
!!! L-unregister: 5F4910D0
!!! L-unregister: 5F491340
!!! L-register: 5FBD4BD0
!!! L-register: 5FBD4E40
!!! L-unregister: 5FBD4BD0
!!! L-unregister: 5FBD4E40
!!! L-register: 36917A30
!!! L-register: 36917CA0
!!! L-unregister: 36917A30
!!! L-unregister: 36917CA0
!!! L-register: 36918660
!!! L-register: 369188D0
!!! L-unregister: 36918660
!!! L-unregister: 369188D0
!!! L-register: 5F491F70
!!! L-register: 5FBD3FA0
!!! L-unregister: 5F491F70
!!! L-unregister: 5FBD3FA0
!!! L-register: 5FBD4210
!!! L-register: 5FBD4480
!!! L-unregister: 5FBD4210
!!! L-unregister: 5FBD4480
!!! L-register: 5F491A90
!!! L-register: 5F491D00
!!! L-unregister: 5F491A90
!!! L-unregister: 5F491D00
!!! L-register: 5F4910D0
!!! L-register: 5F491340
!!! L-unregister: 5F4910D0
!!! L-unregister: 5F491340
!!! L-register: 5F490BF0
!!! L-register: 5F490E60
!!! L-unregister: 5F490BF0
!!! L-unregister: 5F490E60
!!! L-register: 5F4915B0
!!! L-register: 5F491820
!!! L-unregister: 5F4915B0
!!! L-unregister: 5F491820
!!! L-register: 5FBD4BD0
!!! L-register: 5FBD4E40
!!! L-unregister: 5FBD4BD0
!!! L-unregister: 5FBD4E40
!!! L-register: 36918660
!!! L-register: 369188D0
!!! L-unregister: 36918660
!!! L-unregister: 369188D0
!!! L-register: 36917A30
!!! L-register: 36917CA0
!!! L-unregister: 36917A30
!!! L-unregister: 36917CA0
!!! L-register: 5FBD4210
!!! L-register: 5FBD4480
!!! L-unregister: 5FBD4210
!!! L-unregister: 5FBD4480
!!! L-register: 5F491F70
!!! L-register: 5FBD3FA0
!!! L-unregister: 5F491F70
!!! L-unregister: 5FBD3FA0
!!! L-register: 5F491A90
!!! L-register: 5F491D00
!!! L-unregister: 5F491A90
!!! L-unregister: 5F491D00
!!! L-register: 5F490BF0
!!! L-register: 5F490E60
!!! L-unregister: 5F490BF0
!!! L-unregister: 5F490E60
!!! L-register: 5F4910D0
!!! L-register: 5F491340
!!! L-unregister: 5F4910D0
!!! L-unregister: 5F491340
!!! L-register: 5F4915B0
!!! L-register: 5F491820
!!! L-unregister: 5F4915B0
!!! L-unregister: 5F491820
!!! L-register: 5FBD4BD0
!!! L-register: 5FBD4E40
!!! L-unregister: 5FBD4BD0
!!! L-unregister: 5FBD4E40
!!! L-register: 36918660
!!! L-register: 369188D0
!!! L-unregister: 36918660
!!! L-unregister: 369188D0
!!! L-register: 36917A30
!!! L-register: 36917CA0
!!! L-unregister: 36917A30
!!! L-unregister: 36917CA0
!!! L-register: 5FBD4210
!!! L-register: 5FBD4480
!!! L-unregister: 5FBD4210
!!! L-unregister: 5FBD4480
!!! L-register: 5F491F70
!!! L-register: 5FBD3FA0
!!! L-unregister: 5F491F70
!!! L-unregister: 5FBD3FA0
!!! L-register: 5F491A90
!!! L-register: 5F491D00
!!! L-unregister: 5F491A90
!!! L-unregister: 5F491D00
!!! L-register: 5F4915B0
!!! L-register: 5F491820
!!! L-unregister: 5F4915B0
!!! L-unregister: 5F491820
!!! L-register: 5F4910D0
!!! L-register: 5F491340
!!! L-unregister: 5F4910D0
!!! L-unregister: 5F491340
!!! L-register: 5F490BF0
!!! L-register: 5F490E60
!!! L-unregister: 5F490BF0
!!! L-unregister: 5F490E60
!!! L-register: 5FBD4BD0
!!! L-register: 5FBD4E40
!!! L-unregister: 5FBD4BD0
!!! L-unregister: 5FBD4E40
!!! L-register: 36918660
!!! L-register: 369188D0
!!! L-unregister: 36918660
!!! L-unregister: 369188D0
!!! L-register: 36917A30
!!! L-register: 36917CA0
!!! L-unregister: 36917A30
!!! L-unregister: 36917CA0
!!! L-register: 5F491F70
!!! L-register: 5FBD3FA0
!!! L-unregister: 5F491F70
!!! L-unregister: 5FBD3FA0
!!! L-register: 5FBD4210
!!! L-register: 5FBD4480
!!! L-unregister: 5FBD4210
!!! L-unregister: 5FBD4480
!!! L-register: 5F491A90
!!! L-register: 5F491D00
!!! L-unregister: 5F491A90
!!! L-unregister: 5F491D00
!!! L-register: 5F490BF0
!!! L-register: 5F490E60
!!! L-unregister: 5F490BF0
!!! L-unregister: 5F490E60
!!! L-register: 5F4910D0
!!! L-register: 5F491340
!!! L-unregister: 5F4910D0
!!! L-unregister: 5F491340
!!! L-register: 5F4915B0
!!! L-register: 5F491820
!!! L-unregister: 5F4915B0
!!! L-unregister: 5F491820
!!! L-register: 5FBD4BD0
!!! L-register: 5FBD4E40
!!! L-unregister: 5FBD4BD0
!!! L-unregister: 5FBD4E40
!!! L-register: 36918660
!!! L-register: 369188D0
!!! L-unregister: 36918660
!!! L-unregister: 369188D0
!!! L-register: 36917A30
!!! L-register: 36917CA0
!!! L-unregister: 36917A30
!!! L-unregister: 36917CA0
!!! L-register: 5FBD4210
!!! L-register: 5FBD4480
!!! L-unregister: 5FBD4210
!!! L-unregister: 5FBD4480
!!! L-register: 5F491F70
!!! L-register: 5FBD3FA0
!!! L-unregister: 5F491F70
!!! L-unregister: 5FBD3FA0
!!! L-register: 5F491A90
!!! L-register: 5F491D00
!!! L-unregister: 5F491A90
!!! L-unregister: 5F491D00
!!! L-register: 5F490BF0
!!! L-register: 5F490E60
!!! L-unregister: 5F490BF0
!!! L-unregister: 5F490E60
!!! L-register: 5F4910D0
!!! L-register: 5F491340
!!! L-unregister: 5F4910D0
!!! L-unregister: 5F491340
!!! L-register: 5F4915B0
!!! L-register: 5F491820
!!! L-unregister: 5F4915B0
!!! L-unregister: 5F491820
!!! L-register: 5FBD4BD0
!!! L-register: 5FBD4E40
!!! L-unregister: 5FBD4BD0
!!! L-unregister: 5FBD4E40
!!! L-register: 36918660
!!! L-register: 369188D0
!!! L-unregister: 36918660
!!! L-unregister: 369188D0
!!! L-register: 36917A30
!!! L-register: 36917CA0
!!! L-unregister: 36917A30
!!! L-unregister: 36917CA0
!!! L-register: 5FBD4210
!!! L-register: 5FBD4480
!!! L-unregister: 5FBD4210
!!! L-unregister: 5FBD4480
!!! L-register: 5F491F70
!!! L-register: 5FBD3FA0
!!! L-unregister: 5F491F70
!!! L-unregister: 5FBD3FA0
!!! L-register: 5F491A90
!!! L-register: 5F491D00
!!! L-unregister: 5F491A90
!!! L-unregister: 5F491D00
!!! L-register: 5F4910D0
!!! L-register: 5F491340
!!! L-unregister: 5F4910D0
!!! L-unregister: 5F491340
!!! L-register: 5F490BF0
!!! L-register: 5F490E60
!!! L-unregister: 5F490BF0
!!! L-unregister: 5F490E60
!!! L-register: 5F4915B0
!!! L-register: 5F491820
!!! L-unregister: 5F4915B0
!!! L-unregister: 5F491820
!!! L-register: 36918660
!!! L-register: 369188D0
!!! L-unregister: 36918660
!!! L-unregister: 369188D0
!!! L-register: 5FBD4BD0
!!! L-register: 5FBD4E40
!!! L-unregister: 5FBD4BD0
!!! L-unregister: 5FBD4E40
!!! L-register: 36917A30
!!! L-register: 36917CA0
!!! L-unregister: 36917A30
!!! L-unregister: 36917CA0
!!! L-register: 36918660
!!! L-register: 369188D0
!!! L-unregister: 36918660
!!! L-unregister: 369188D0
!!! L-register: 5FBD4210
!!! L-register: 5FBD4480
!!! L-unregister: 5FBD4210
!!! L-unregister: 5FBD4480
!!! L-register: 5F491F70
!!! L-register: 5FBD3FA0
!!! L-unregister: 5F491F70
!!! L-unregister: 5FBD3FA0
!!! L-register: 5F491A90
!!! L-register: 5F491D00
!!! L-unregister: 5F491A90
!!! L-unregister: 5F491D00
!!! L-register: 5F4910D0
!!! L-register: 5F491340
!!! L-unregister: 5F4910D0
!!! L-unregister: 5F491340
!!! L-register: 5F4915B0
!!! L-register: 5F491820
!!! L-unregister: 5F4915B0
!!! L-unregister: 5F491820
!!! L-register: 5F490BF0
!!! L-register: 5F490E60
!!! L-unregister: 5F490BF0
!!! L-unregister: 5F490E60
!!! L-register: 5FBD4BD0
!!! L-register: 5FBD4E40
!!! L-unregister: 5FBD4BD0
!!! L-unregister: 5FBD4E40
!!! L-register: 36917A30
!!! L-register: 36917CA0
!!! L-unregister: 36917A30
!!! L-unregister: 36917CA0
!!! L-register: 36918660
!!! L-register: 369188D0
!!! L-unregister: 36918660
!!! L-unregister: 369188D0
!!! L-register: 5FBD4210
!!! L-register: 5FBD4480
!!! L-unregister: 5FBD4210
!!! L-unregister: 5FBD4480
!!! L-register: 5F491F70
!!! L-register: 5FBD3FA0
!!! L-unregister: 5F491F70
!!! L-unregister: 5FBD3FA0
!!! L-register: 5F491A90
!!! L-register: 5F491D00
!!! L-unregister: 5F491A90
!!! L-unregister: 5F491D00
!!! L-register: 5F4910D0
!!! L-register: 5F491340
!!! L-unregister: 5F4910D0
!!! L-unregister: 5F491340
!!! L-register: 5F4915B0
!!! L-register: 5F491820
!!! L-unregister: 5F4915B0
!!! L-unregister: 5F491820
!!! L-register: 5F490BF0
!!! L-register: 5F490E60
!!! L-unregister: 5F490BF0
!!! L-unregister: 5F490E60
!!! L-register: 5FBD4BD0
!!! L-register: 5FBD4E40
!!! L-unregister: 5FBD4BD0
!!! L-unregister: 5FBD4E40
!!! L-register: 36917A30
!!! L-register: 36917CA0
!!! L-unregister: 36917A30
!!! L-unregister: 36917CA0
!!! L-register: 36918660
!!! L-register: 369188D0
!!! L-unregister: 36918660
!!! L-unregister: 369188D0
!!! L-register: 5F491F70
!!! L-register: 5FBD3FA0
!!! L-unregister: 5F491F70
!!! L-unregister: 5FBD3FA0
!!! L-register: 5FBD4210
!!! L-register: 5FBD4480
!!! L-unregister: 5FBD4210
!!! L-unregister: 5FBD4480
!!! L-register: 5F491A90
!!! L-register: 5F491D00
!!! L-unregister: 5F491A90
!!! L-unregister: 5F491D00
!!! L-register: 5F4910D0
!!! L-register: 5F491340
!!! L-unregister: 5F4910D0
!!! L-unregister: 5F491340
!!! L-register: 5F4915B0
!!! L-register: 5F491820
!!! L-unregister: 5F4915B0
!!! L-unregister: 5F491820
!!! L-register: 5F490BF0
!!! L-register: 5F490E60
!!! L-unregister: 5F490BF0
!!! L-unregister: 5F490E60
!!! L-register: 5FBD4BD0
!!! L-register: 5FBD4E40
!!! L-unregister: 5FBD4BD0
!!! L-unregister: 5FBD4E40
!!! L-register: 36917A30
!!! L-register: 36917CA0
!!! L-unregister: 36917A30
!!! L-unregister: 36917CA0
!!! L-register: 36918660
!!! L-register: 369188D0
!!! L-unregister: 36918660
!!! L-unregister: 369188D0
!!! L-register: 5FBD4210
!!! L-register: 5FBD4480
!!! L-unregister: 5FBD4210
!!! L-unregister: 5FBD4480
!!! L-register: 5F491F70
!!! L-register: 5FBD3FA0
!!! L-unregister: 5F491F70
!!! L-unregister: 5FBD3FA0
!!! L-register: 5F491A90
!!! L-register: 5F491D00
!!! L-unregister: 5F491A90
!!! L-unregister: 5F491D00
!!! L-register: 5F4910D0
!!! L-register: 5F491340
!!! L-unregister: 5F4910D0
!!! L-unregister: 5F491340
!!! L-register: 5F490BF0
!!! L-register: 5F490E60
!!! L-unregister: 5F490BF0
!!! L-unregister: 5F490E60
!!! L-register: 5F4915B0
!!! L-register: 5F491820
!!! L-unregister: 5F4915B0
!!! L-unregister: 5F491820
!!! L-register: 5FBD4BD0
!!! L-register: 5FBD4E40
!!! L-unregister: 5FBD4BD0
!!! L-unregister: 5FBD4E40
!!! L-register: 36917A30
!!! L-register: 36917CA0
!!! L-unregister: 36917A30
!!! L-unregister: 36917CA0
!!! L-register: 36918660
!!! L-register: 369188D0
!!! L-unregister: 36918660
!!! L-unregister: 369188D0
!!! L-register: 5FBD4210
!!! L-register: 5FBD4480
!!! L-unregister: 5FBD4210
!!! L-unregister: 5FBD4480
!!! L-register: 5F491F70
!!! L-register: 5FBD3FA0
!!! L-unregister: 5F491F70
!!! L-unregister: 5FBD3FA0
!!! L-register: 5F491A90
!!! L-register: 5F491D00
!!! L-unregister: 5F491A90
!!! L-unregister: 5F491D00
!!! L-register: 5F4915B0
!!! L-register: 5F491820
!!! L-unregister: 5F4915B0
!!! L-unregister: 5F491820
!!! L-register: 5F490BF0
!!! L-register: 5F490E60
!!! L-unregister: 5F490BF0
!!! L-unregister: 5F490E60
!!! L-register: 5F4910D0
!!! L-register: 5F491340
!!! L-unregister: 5F4910D0
!!! L-unregister: 5F491340
!!! L-register: 5FBD4BD0
!!! L-register: 5FBD4E40
!!! L-unregister: 5FBD4BD0
!!! L-unregister: 5FBD4E40
!!! L-register: 36917A30
!!! L-register: 36917CA0
!!! L-unregister: 36917A30
!!! L-unregister: 36917CA0
!!! L-register: 36918660
!!! L-register: 369188D0
!!! L-unregister: 36918660
!!! L-unregister: 369188D0
!!! L-register: 5FBD4210
!!! L-register: 5FBD4480
!!! L-unregister: 5FBD4210
!!! L-unregister: 5FBD4480
!!! L-register: 5F491F70
!!! L-register: 5FBD3FA0
!!! L-unregister: 5F491F70
!!! L-unregister: 5FBD3FA0
!!! L-register: 5F491A90
!!! L-register: 5F491D00
!!! L-unregister: 5F491A90
!!! L-unregister: 5F491D00
!!! L-register: 5F490BF0
!!! L-register: 5F490E60
!!! L-unregister: 5F490BF0
!!! L-unregister: 5F490E60
!!! L-register: 5F4915B0
!!! L-register: 5F491820
!!! L-unregister: 5F4915B0
!!! L-unregister: 5F491820
!!! L-register: 5F4910D0
!!! L-register: 5F491340
!!! L-unregister: 5F4910D0
!!! L-unregister: 5F491340
!!! L-register: 5FBD4BD0
!!! L-register: 5FBD4E40
!!! L-unregister: 5FBD4BD0
!!! L-unregister: 5FBD4E40
!!! L-register: 36918660
!!! L-register: 369188D0
!!! L-unregister: 36918660
!!! L-unregister: 369188D0
!!! L-register: 36917A30
!!! L-register: 36917CA0
!!! L-unregister: 36917A30
!!! L-unregister: 36917CA0
!!! L-register: 5F491F70
!!! L-register: 5FBD3FA0
!!! L-unregister: 5F491F70
!!! L-unregister: 5FBD3FA0
!!! L-register: 5FBD4210
!!! L-register: 5FBD4480
!!! L-unregister: 5FBD4210
!!! L-unregister: 5FBD4480
!!! L-register: 5F491A90
!!! L-register: 5F491D00
!!! L-unregister: 5F491A90
!!! L-unregister: 5F491D00
!!! L-register: 5F4915B0
!!! L-register: 5F491820
!!! L-unregister: 5F4915B0
!!! L-unregister: 5F491820
!!! L-register: 5F490BF0
!!! L-register: 5F490E60
!!! L-unregister: 5F490BF0
!!! L-unregister: 5F490E60
!!! L-register: 5F4910D0
!!! L-register: 5F491340
!!! L-unregister: 5F4910D0
!!! L-unregister: 5F491340
!!! L-register: 5FBD4BD0
!!! L-register: 5FBD4E40
!!! L-unregister: 5FBD4BD0
!!! L-unregister: 5FBD4E40
!!! L-register: 36918660
!!! L-register: 369188D0
!!! L-unregister: 36918660
!!! L-unregister: 369188D0
!!! L-register: 36917A30
!!! L-register: 36917CA0
!!! L-unregister: 36917A30
!!! L-unregister: 36917CA0
!!! L-register: 5F491F70
!!! L-register: 5FBD3FA0
!!! L-unregister: 5F491F70
!!! L-unregister: 5FBD3FA0
!!! L-register: 5FBD4210
!!! L-register: 5FBD4480
!!! L-unregister: 5FBD4210
!!! L-unregister: 5FBD4480
!!! L-register: 5F491A90
!!! L-register: 5F491D00
!!! L-unregister: 5F491A90
!!! L-unregister: 5F491D00
!!! L-register: 5F4910D0
!!! L-register: 5F491340
!!! L-unregister: 5F4910D0
!!! L-unregister: 5F491340
!!! L-register: 5F490BF0
!!! L-register: 5F490E60
!!! L-unregister: 5F490BF0
!!! L-unregister: 5F490E60
!!! L-register: 5F4915B0
!!! L-register: 5F491820
!!! L-unregister: 5F4915B0
!!! L-unregister: 5F491820
!!! L-register: 5FBD4BD0
!!! L-register: 5FBD4E40
!!! L-unregister: 5FBD4BD0
!!! L-unregister: 5FBD4E40
!!! L-register: 36918660
!!! L-register: 369188D0
!!! L-unregister: 36918660
!!! L-unregister: 369188D0
!!! L-register: 36917A30
!!! L-register: 36917CA0
!!! L-unregister: 36917A30
!!! L-unregister: 36917CA0
!!! L-register: 5FBD4210
!!! L-register: 5FBD4480
!!! L-unregister: 5FBD4210
!!! L-unregister: 5FBD4480
!!! L-register: 5F491F70
!!! L-register: 5FBD3FA0
!!! L-unregister: 5F491F70
!!! L-unregister: 5FBD3FA0
!!! L-register: 5F491A90
!!! L-register: 5F491D00
!!! L-unregister: 5F491A90
!!! L-unregister: 5F491D00
!!! L-register: 5F4910D0
!!! L-register: 5F491340
!!! L-unregister: 5F4910D0
!!! L-unregister: 5F491340
!!! L-register: 5F4915B0
!!! L-register: 5F491820
!!! L-unregister: 5F4915B0
!!! L-unregister: 5F491820
!!! L-register: 5F490BF0
!!! L-register: 5F490E60
!!! L-unregister: 5F490BF0
!!! L-unregister: 5F490E60
!!! L-register: 36918660
!!! L-register: 369188D0
!!! L-unregister: 36918660
!!! L-unregister: 369188D0
!!! L-register: 5FBD4BD0
!!! L-register: 5FBD4E40
!!! L-unregister: 5FBD4BD0
!!! L-unregister: 5FBD4E40
!!! L-register: 36917A30
!!! L-register: 36917CA0
!!! L-unregister: 36917A30
!!! L-unregister: 36917CA0
!!! L-register: 5F491F70
!!! L-register: 5FBD3FA0
!!! L-unregister: 5F491F70
!!! L-unregister: 5FBD3FA0
!!! L-register: 5FBD4210
!!! L-register: 5FBD4480
!!! L-unregister: 5FBD4210
!!! L-unregister: 5FBD4480
!!! L-register: 5F491A90
!!! L-register: 5F491D00
!!! L-unregister: 5F491A90
!!! L-unregister: 5F491D00
!!! L-register: 36918660
!!! L-register: 369188D0
!!! L-unregister: 36918660
!!! L-unregister: 369188D0
!!! L-register: 5F490BF0
!!! L-register: 5F490E60
!!! L-unregister: 5F490BF0
!!! L-unregister: 5F490E60
!!! L-register: 5F4910D0
!!! L-register: 5F491340
!!! L-unregister: 5F4910D0
!!! L-unregister: 5F491340
!!! L-register: 5F4915B0
!!! L-register: 5F491820
!!! L-unregister: 5F4915B0
!!! L-unregister: 5F491820
!!! L-register: 5FBD4BD0
!!! L-register: 5FBD4E40
!!! L-unregister: 5FBD4BD0
!!! L-unregister: 5FBD4E40
!!! L-register: 36917A30
!!! L-register: 36917CA0
!!! L-unregister: 36917A30
!!! L-unregister: 36917CA0
!!! L-register: 36918660
!!! L-register: 369188D0
!!! L-unregister: 36918660
!!! L-unregister: 369188D0
!!! L-register: 5FBD4210
!!! L-register: 5FBD4480
!!! L-unregister: 5FBD4210
!!! L-unregister: 5FBD4480
!!! L-register: 5F491F70
!!! L-register: 5FBD3FA0
!!! L-unregister: 5F491F70
!!! L-unregister: 5FBD3FA0
!!! L-register: 5F491A90
!!! L-register: 5F491D00
!!! L-unregister: 5F491A90
!!! L-unregister: 5F491D00
!!! L-register: 5F4915B0
!!! L-register: 5F491820
!!! L-unregister: 5F4915B0
!!! L-unregister: 5F491820
!!! L-register: 5F4910D0
!!! L-register: 5F491340
!!! L-unregister: 5F4910D0
!!! L-unregister: 5F491340
!!! L-register: 5F490BF0
!!! L-register: 5F490E60
!!! L-unregister: 5F490BF0
!!! L-unregister: 5F490E60
!!! L-register: 5FBD4BD0
!!! L-register: 5FBD4E40
!!! L-unregister: 5FBD4BD0
!!! L-unregister: 5FBD4E40
!!! L-register: 36917A30
!!! L-register: 36917CA0
!!! L-unregister: 36917A30
!!! L-unregister: 36917CA0
!!! L-register: 36918660
!!! L-register: 369188D0
!!! L-unregister: 36918660
!!! L-unregister: 369188D0
!!! L-register: 5FBD4210
!!! L-register: 5FBD4480
!!! L-unregister: 5FBD4210
!!! L-unregister: 5FBD4480
!!! L-register: 5F491F70
!!! L-register: 5FBD3FA0
!!! L-unregister: 5F491F70
!!! L-unregister: 5FBD3FA0
!!! L-register: 5F491A90
!!! L-register: 5F491D00
!!! L-unregister: 5F491A90
!!! L-unregister: 5F491D00
!!! L-register: 5F4915B0
!!! L-register: 5F491820
!!! L-unregister: 5F4915B0
!!! L-unregister: 5F491820
!!! L-register: 5F490BF0
!!! L-register: 5F490E60
!!! L-unregister: 5F490BF0
!!! L-unregister: 5F490E60
!!! L-register: 5F4910D0
!!! L-register: 5F491340
!!! L-unregister: 5F4910D0
!!! L-unregister: 5F491340
!!! L-register: 5FBD4BD0
!!! L-register: 5FBD4E40
!!! L-unregister: 5FBD4BD0
!!! L-unregister: 5FBD4E40
!!! L-register: 36917A30
!!! L-register: 36917CA0
!!! L-unregister: 36917A30
!!! L-unregister: 36917CA0
!!! L-register: 36918660
!!! L-register: 369188D0
!!! L-unregister: 36918660
!!! L-unregister: 369188D0
!!! L-register: 5F491F70
!!! L-register: 5FBD3FA0
!!! L-unregister: 5F491F70
!!! L-unregister: 5FBD3FA0
!!! L-register: 5FBD4210
!!! L-register: 5FBD4480
!!! L-unregister: 5FBD4210
!!! L-unregister: 5FBD4480
!!! L-register: 5F491A90
!!! L-register: 5F491D00
!!! L-unregister: 5F491A90
!!! L-unregister: 5F491D00
!!! L-register: 5F490BF0
!!! L-register: 5F490E60
!!! L-unregister: 5F490BF0
!!! L-unregister: 5F490E60
!!! L-register: 5F4910D0
!!! L-register: 5F491340
!!! L-unregister: 5F4910D0
!!! L-unregister: 5F491340
!!! L-register: 5F4915B0
!!! L-register: 5F491820
!!! L-unregister: 5F4915B0
!!! L-unregister: 5F491820
!!! L-register: 5FBD4BD0
!!! L-register: 5FBD4E40
!!! L-unregister: 5FBD4BD0
!!! L-unregister: 5FBD4E40
!!! L-register: 36917A30
!!! L-register: 36917CA0
!!! L-unregister: 36917A30
!!! L-unregister: 36917CA0
!!! L-register: 36918660
!!! L-register: 369188D0
!!! L-unregister: 36918660
!!! L-unregister: 369188D0
!!! L-register: 5FBD4210
!!! L-register: 5FBD4480
!!! L-unregister: 5FBD4210
!!! L-unregister: 5FBD4480
!!! L-register: 5F491F70
!!! L-register: 5FBD3FA0
!!! L-unregister: 5F491F70
!!! L-unregister: 5FBD3FA0
!!! L-register: 5F491A90
!!! L-register: 5F491D00
!!! L-unregister: 5F491A90
!!! L-unregister: 5F491D00
!!! L-register: 5F490BF0
!!! L-register: 5F490E60
!!! L-unregister: 5F490BF0
!!! L-unregister: 5F490E60
!!! L-register: 5F4910D0
!!! L-register: 5F491340
!!! L-unregister: 5F4910D0
!!! L-unregister: 5F491340
!!! L-register: 5F4915B0
!!! L-register: 5F491820
!!! L-unregister: 5F4915B0
!!! L-unregister: 5F491820
!!! L-register: 36917A30
!!! L-register: 36917CA0
!!! L-unregister: 36917A30
!!! L-unregister: 36917CA0
!!! L-register: 5FBD4BD0
!!! L-register: 5FBD4E40
!!! L-unregister: 5FBD4BD0
!!! L-unregister: 5FBD4E40
!!! L-register: 36918660
!!! L-register: 369188D0
!!! L-unregister: 36918660
!!! L-unregister: 369188D0
!!! L-register: 36917A30
!!! L-register: 36917CA0
!!! L-unregister: 36917A30
!!! L-unregister: 36917CA0
!!! L-register: 5FBD4210
!!! L-register: 5FBD4480
!!! L-unregister: 5FBD4210
!!! L-unregister: 5FBD4480
!!! L-register: 5F491F70
!!! L-register: 5FBD3FA0
!!! L-unregister: 5F491F70
!!! L-unregister: 5FBD3FA0
!!! L-register: 5F491A90
!!! L-register: 5F491D00
!!! L-unregister: 5F491A90
!!! L-unregister: 5F491D00
!!! L-register: 5F4915B0
!!! L-register: 5F491820
!!! L-unregister: 5F4915B0
!!! L-unregister: 5F491820
!!! L-register: 5F490BF0
!!! L-register: 5F490E60
!!! L-unregister: 5F490BF0
!!! L-unregister: 5F490E60
!!! L-register: 5F4910D0
!!! L-register: 5F491340
!!! L-unregister: 5F4910D0
!!! L-unregister: 5F491340
!!! L-register: 5FBD4BD0
!!! L-register: 5FBD4E40
!!! L-unregister: 5FBD4BD0
!!! L-unregister: 5FBD4E40
!!! L-register: 36918660
!!! L-register: 369188D0
!!! L-unregister: 36918660
!!! L-unregister: 369188D0
!!! L-register: 36917A30
!!! L-register: 36917CA0
!!! L-unregister: 36917A30
!!! L-unregister: 36917CA0
!!! L-register: 5FBD4210
!!! L-register: 5FBD4480
!!! L-unregister: 5FBD4210
!!! L-unregister: 5FBD4480
!!! L-register: 5F491F70
!!! L-register: 5FBD3FA0
!!! L-unregister: 5F491F70
!!! L-unregister: 5FBD3FA0
!!! L-register: 5F491A90
!!! L-register: 5F491D00
!!! L-unregister: 5F491A90
!!! L-unregister: 5F491D00
!!! L-register: 5F4910D0
!!! L-register: 5F491340
!!! L-unregister: 5F4910D0
!!! L-unregister: 5F491340
!!! L-register: 5F490BF0
!!! L-register: 5F490E60
!!! L-unregister: 5F490BF0
!!! L-unregister: 5F490E60
!!! L-register: 5F4915B0
!!! L-register: 5F491820
!!! L-unregister: 5F4915B0
!!! L-unregister: 5F491820
!!! L-register: 5FBD4BD0
!!! L-register: 5FBD4E40
!!! L-unregister: 5FBD4BD0
!!! L-unregister: 5FBD4E40
!!! L-register: 36918660
!!! L-register: 369188D0
!!! L-unregister: 36918660
!!! L-unregister: 369188D0
!!! L-register: 36917A30
!!! L-register: 36917CA0
!!! L-unregister: 36917A30
!!! L-unregister: 36917CA0
!!! L-register: 5FBD4210
!!! L-register: 5FBD4480
!!! L-unregister: 5FBD4210
!!! L-unregister: 5FBD4480
!!! L-register: 5F491F70
!!! L-register: 5FBD3FA0
!!! L-unregister: 5F491F70
!!! L-unregister: 5FBD3FA0
!!! L-register: 5F491A90
!!! L-register: 5F491D00
!!! L-unregister: 5F491A90
!!! L-unregister: 5F491D00
!!! L-register: 5F490BF0
!!! L-register: 5F490E60
!!! L-unregister: 5F490BF0
!!! L-unregister: 5F490E60
!!! L-register: 5F4915B0
!!! L-register: 5F491820
!!! L-unregister: 5F4915B0
!!! L-unregister: 5F491820
!!! L-register: 5F4910D0
!!! L-register: 5F491340
!!! L-unregister: 5F4910D0
!!! L-unregister: 5F491340
!!! L-register: 5FBD4BD0
!!! L-register: 5FBD4E40
!!! L-unregister: 5FBD4BD0
!!! L-unregister: 5FBD4E40
!!! L-register: 36917A30
!!! L-register: 36917CA0
!!! L-unregister: 36917A30
!!! L-unregister: 36917CA0
!!! L-register: 36918660
!!! L-register: 369188D0
!!! L-unregister: 36918660
!!! L-unregister: 369188D0
!!! L-register: 5FBD4210
!!! L-register: 5FBD4480
!!! L-unregister: 5FBD4210
!!! L-unregister: 5FBD4480
!!! L-register: 5F491F70
!!! L-register: 5FBD3FA0
!!! L-unregister: 5F491F70
!!! L-unregister: 5FBD3FA0
!!! L-register: 5F491A90
!!! L-register: 5F491D00
!!! L-unregister: 5F491A90
!!! L-unregister: 5F491D00
!!! L-register: 5F4915B0
!!! L-register: 5F491820
!!! L-unregister: 5F4915B0
!!! L-unregister: 5F491820
!!! L-register: 5F490BF0
!!! L-register: 5F490E60
!!! L-unregister: 5F490BF0
!!! L-unregister: 5F490E60
!!! L-register: 5F4910D0
!!! L-register: 5F491340
!!! L-unregister: 5F4910D0
!!! L-unregister: 5F491340
!!! L-register: 36917A30
!!! L-register: 36917CA0
!!! L-unregister: 36917A30
!!! L-unregister: 36917CA0
!!! L-register: 5FBD4BD0
!!! L-register: 5FBD4E40
!!! L-unregister: 5FBD4BD0
!!! L-unregister: 5FBD4E40
!!! L-register: 36918660
!!! L-register: 369188D0
!!! L-unregister: 36918660
!!! L-unregister: 369188D0
!!! L-register: 36917A30
!!! L-register: 36917CA0
!!! L-unregister: 36917A30
!!! L-unregister: 36917CA0
!!! L-register: 5F491F70
!!! L-register: 5FBD3FA0
!!! L-unregister: 5F491F70
!!! L-unregister: 5FBD3FA0
!!! L-register: 5FBD4210
!!! L-register: 5FBD4480
!!! L-unregister: 5FBD4210
!!! L-unregister: 5FBD4480
!!! L-register: 5F491A90
!!! L-register: 5F491D00
!!! L-unregister: 5F491A90
!!! L-unregister: 5F491D00
!!! L-register: 5F4915B0
!!! L-register: 5F491820
!!! L-unregister: 5F4915B0
!!! L-unregister: 5F491820
!!! L-register: 5F4910D0
!!! L-register: 5F491340
!!! L-unregister: 5F4910D0
!!! L-unregister: 5F491340
!!! L-register: 5F490BF0
!!! L-register: 5F490E60
!!! L-unregister: 5F490BF0
!!! L-unregister: 5F490E60
!!! L-register: 5FBD4BD0
!!! L-register: 5FBD4E40
!!! L-unregister: 5FBD4BD0
!!! L-unregister: 5FBD4E40
!!! L-register: 36918660
!!! L-register: 369188D0
!!! L-unregister: 36918660
!!! L-unregister: 369188D0
!!! L-register: 36917A30
!!! L-register: 36917CA0
!!! L-unregister: 36917A30
!!! L-unregister: 36917CA0
!!! L-register: 5F491F70
!!! L-register: 5FBD3FA0
!!! L-unregister: 5F491F70
!!! L-unregister: 5FBD3FA0
!!! L-register: 5FBD4210
!!! L-register: 5FBD4480
!!! L-unregister: 5FBD4210
!!! L-unregister: 5FBD4480
!!! L-register: 5F491A90
!!! L-register: 5F491D00
!!! L-unregister: 5F491A90
!!! L-unregister: 5F491D00
!!! L-register: 5F4915B0
!!! L-register: 5F491820
!!! L-unregister: 5F4915B0
!!! L-unregister: 5F491820
!!! L-register: 5F4910D0
!!! L-register: 5F491340
!!! L-unregister: 5F4910D0
!!! L-unregister: 5F491340
!!! L-register: 5F490BF0
!!! L-register: 5F490E60
!!! L-unregister: 5F490BF0
!!! L-unregister: 5F490E60
!!! L-register: 5FBD4BD0
!!! L-register: 5FBD4E40
!!! L-unregister: 5FBD4BD0
!!! L-unregister: 5FBD4E40
!!! L-register: 36918660
!!! L-register: 369188D0
!!! L-unregister: 36918660
!!! L-unregister: 369188D0
!!! L-register: 36917A30
!!! L-register: 36917CA0
!!! L-unregister: 36917A30
!!! L-unregister: 36917CA0
!!! L-register: 5F491F70
!!! L-register: 5FBD3FA0
!!! L-unregister: 5F491F70
!!! L-unregister: 5FBD3FA0
!!! L-register: 5FBD4210
!!! L-register: 5FBD4480
!!! L-unregister: 5FBD4210
!!! L-unregister: 5FBD4480
!!! L-register: 5F491A90
!!! L-register: 5F491D00
!!! L-unregister: 5F491A90
!!! L-unregister: 5F491D00
!!! L-register: 5F4910D0
!!! L-register: 5F491340
!!! L-unregister: 5F4910D0
!!! L-unregister: 5F491340
!!! L-register: 5F4915B0
!!! L-register: 5F491820
!!! L-unregister: 5F4915B0
!!! L-unregister: 5F491820
!!! L-register: 5F490BF0
!!! L-register: 5F490E60
!!! L-unregister: 5F490BF0
!!! L-unregister: 5F490E60
!!! L-register: 5FBD4BD0
!!! L-register: 5FBD4E40
!!! L-unregister: 5FBD4BD0
!!! L-unregister: 5FBD4E40
!!! L-register: 36918660
!!! L-register: 369188D0
!!! L-unregister: 36918660
!!! L-unregister: 369188D0
!!! L-register: 36917A30
!!! L-register: 36917CA0
!!! L-unregister: 36917A30
!!! L-unregister: 36917CA0
!!! L-register: 5F491F70
!!! L-register: 5FBD3FA0
!!! L-unregister: 5F491F70
!!! L-unregister: 5FBD3FA0
!!! L-register: 5FBD4210
!!! L-register: 5FBD4480
!!! L-unregister: 5FBD4210
!!! L-unregister: 5FBD4480
!!! L-register: 5F491A90
!!! L-register: 5F491D00
!!! L-unregister: 5F491A90
!!! L-unregister: 5F491D00
!!! L-register: 5F490BF0
!!! L-register: 5F490E60
!!! L-unregister: 5F490BF0
!!! L-unregister: 5F490E60
!!! L-register: 5F4915B0
!!! L-register: 5F491820
!!! L-unregister: 5F4915B0
!!! L-unregister: 5F491820
!!! L-register: 5F4910D0
!!! L-register: 5F491340
!!! L-unregister: 5F4910D0
!!! L-unregister: 5F491340
!!! L-register: 5EA3FEA0
!!! L-register: 5C3D6610
!!! L-register: 36917A30
!!! L-register: 36917CA0
!!! L-unregister: 36917A30
!!! L-unregister: 36917CA0
!!! L-register: 5FBD4BD0
!!! L-register: 5FBD4E40
!!! L-unregister: 5FBD4BD0
!!! L-unregister: 5FBD4E40
!!! L-register: 36918660
!!! L-register: 369188D0
!!! L-unregister: 36918660
!!! L-unregister: 369188D0
!!! L-register: 36917A30
!!! L-register: 36917CA0
!!! L-unregister: 36917A30
!!! L-unregister: 36917CA0
!!! L-register: 5FBD4210
!!! L-register: 5FBD4480
!!! L-unregister: 5FBD4210
!!! L-unregister: 5FBD4480
!!! L-register: 5F491F70
!!! L-register: 5FBD3FA0
!!! L-unregister: 5F491F70
!!! L-unregister: 5FBD3FA0
!!! L-register: 5F491A90
!!! L-register: 5F491D00
!!! L-unregister: 5F491A90
!!! L-unregister: 5F491D00
!!! L-register: 5F490BF0
!!! L-register: 5F490E60
!!! L-unregister: 5F490BF0
!!! L-unregister: 5F490E60
!!! L-register: 5F4915B0
!!! L-register: 5F491820
!!! L-unregister: 5F4915B0
!!! L-unregister: 5F491820
!!! L-register: 5F4910D0
!!! L-register: 5F491340
!!! L-unregister: 5F4910D0
!!! L-unregister: 5F491340
!!! L-register: 5FBD4BD0
!!! L-register: 5FBD4E40
!!! L-unregister: 5FBD4BD0
!!! L-unregister: 5FBD4E40
!!! L-register: 36918660
!!! L-register: 369188D0
!!! L-unregister: 36918660
!!! L-unregister: 369188D0
!!! L-register: 36917A30
!!! L-register: 36917CA0
!!! L-unregister: 36917A30
!!! L-unregister: 36917CA0
!!! L-register: 5FBD4210
!!! L-register: 5FBD4480
!!! L-unregister: 5FBD4210
!!! L-unregister: 5FBD4480
!!! L-register: 5F491F70
!!! L-register: 5FBD3FA0
!!! L-unregister: 5F491F70
!!! L-unregister: 5FBD3FA0
!!! L-register: 5F491A90
!!! L-register: 5F491D00
!!! L-unregister: 5F491A90
!!! L-unregister: 5F491D00
!!! L-register: 5F4915B0
!!! L-register: 5F491820
!!! L-unregister: 5F4915B0
!!! L-unregister: 5F491820
!!! L-register: 5F4910D0
!!! L-register: 5F491340
!!! L-unregister: 5F4910D0
!!! L-unregister: 5F491340
!!! L-register: 5F490BF0
!!! L-register: 5F490E60
!!! L-unregister: 5F490BF0
!!! L-unregister: 5F490E60
!!! L-register: 5FBD4BD0
!!! L-register: 5FBD4E40
!!! L-unregister: 5FBD4BD0
!!! L-unregister: 5FBD4E40
!!! L-register: 36918660
!!! L-register: 369188D0
!!! L-unregister: 36918660
!!! L-unregister: 369188D0
!!! L-register: 36917A30
!!! L-register: 36917CA0
!!! L-unregister: 36917A30
!!! L-unregister: 36917CA0
!!! L-register: 5F491F70
!!! L-register: 5FBD3FA0
!!! L-unregister: 5F491F70
!!! L-unregister: 5FBD3FA0
!!! L-register: 5FBD4210
!!! L-register: 5FBD4480
!!! L-unregister: 5FBD4210
!!! L-unregister: 5FBD4480
!!! L-register: 5F491A90
!!! L-register: 5F491D00
!!! L-unregister: 5F491A90
!!! L-unregister: 5F491D00
!!! L-register: 5F490BF0
!!! L-register: 5F490E60
!!! L-unregister: 5F490BF0
!!! L-unregister: 5F490E60
!!! L-register: 5F4910D0
!!! L-register: 5F491340
!!! L-unregister: 5F4910D0
!!! L-unregister: 5F491340
!!! L-register: 5F4915B0
!!! L-register: 5F491820
!!! L-unregister: 5F4915B0
!!! L-unregister: 5F491820
!!! L-register: 5FBD4BD0
!!! L-register: 5FBD4E40
!!! L-unregister: 5FBD4BD0
!!! L-unregister: 5FBD4E40
!!! L-register: 36918660
!!! L-register: 369188D0
!!! L-unregister: 36918660
!!! L-unregister: 369188D0
!!! L-register: 36917A30
!!! L-register: 36917CA0
!!! L-unregister: 36917A30
!!! L-unregister: 36917CA0
!!! L-register: 5F491F70
!!! L-register: 5FBD3FA0
!!! L-unregister: 5F491F70
!!! L-unregister: 5FBD3FA0
!!! L-register: 5FBD4210
!!! L-register: 5FBD4480
!!! L-unregister: 5FBD4210
!!! L-unregister: 5FBD4480
!!! L-register: 5F491A90
!!! L-register: 5F491D00
!!! L-unregister: 5F491A90
!!! L-unregister: 5F491D00
!!! L-register: 5F4915B0
!!! L-register: 5F491820
!!! L-unregister: 5F4915B0
!!! L-unregister: 5F491820
!!! L-register: 5F490BF0
!!! L-register: 5F490E60
!!! L-unregister: 5F490BF0
!!! L-unregister: 5F490E60
!!! L-register: 5F4910D0
!!! L-register: 5F491340
!!! L-unregister: 5F4910D0
!!! L-unregister: 5F491340
!!! L-register: 36918660
!!! L-register: 369188D0
!!! L-unregister: 36918660
!!! L-unregister: 369188D0
!!! L-register: 36917A30
!!! L-register: 36917CA0
!!! L-unregister: 36917A30
!!! L-unregister: 36917CA0
!!! L-register: 5FBD4BD0
!!! L-register: 5FBD4E40
!!! L-unregister: 5FBD4BD0
!!! L-unregister: 5FBD4E40
!!! L-register: 36917A30
!!! L-register: 36917CA0
!!! L-unregister: 36917A30
!!! L-unregister: 36917CA0
!!! L-register: 5FBD4210
!!! L-register: 5FBD4480
!!! L-unregister: 5FBD4210
!!! L-unregister: 5FBD4480
!!! L-register: 5F491F70
!!! L-register: 5FBD3FA0
!!! L-unregister: 5F491F70
!!! L-unregister: 5FBD3FA0
!!! L-register: 5F491A90
!!! L-register: 5F491D00
!!! L-unregister: 5F491A90
!!! L-unregister: 5F491D00
!!! L-register: 5F4910D0
!!! L-register: 5F491340
!!! L-unregister: 5F4910D0
!!! L-unregister: 5F491340
!!! L-register: 5F4915B0
!!! L-register: 5F491820
!!! L-unregister: 5F4915B0
!!! L-unregister: 5F491820
!!! L-register: 5F490BF0
!!! L-register: 5F490E60
!!! L-unregister: 5F490BF0
!!! L-unregister: 5F490E60
!!! L-register: 36918660
!!! L-register: 369188D0
!!! L-unregister: 36918660
!!! L-unregister: 369188D0
!!! L-register: 5FBD4BD0
!!! L-register: 5FBD4E40
!!! L-unregister: 5FBD4BD0
!!! L-unregister: 5FBD4E40
!!! L-register: 36917A30
!!! L-register: 36917CA0
!!! L-unregister: 36917A30
!!! L-unregister: 36917CA0
!!! L-register: 5F491F70
!!! L-register: 5FBD3FA0
!!! L-unregister: 5F491F70
!!! L-unregister: 5FBD3FA0
!!! L-register: 5FBD4210
!!! L-register: 5FBD4480
!!! L-unregister: 5FBD4210
!!! L-unregister: 5FBD4480
!!! L-register: 5F491A90
!!! L-register: 5F491D00
!!! L-unregister: 5F491A90
!!! L-unregister: 5F491D00
!!! L-register: 5F4915B0
!!! L-register: 5F491820
!!! L-unregister: 5F4915B0
!!! L-unregister: 5F491820
!!! L-register: 5F4910D0
!!! L-register: 5F491340
!!! L-unregister: 5F4910D0
!!! L-unregister: 5F491340
!!! L-register: 5F490BF0
!!! L-register: 5F490E60
!!! L-unregister: 5F490BF0
!!! L-unregister: 5F490E60
!!! L-register: 36918660
!!! L-register: 369188D0
!!! L-unregister: 36918660
!!! L-unregister: 369188D0
!!! L-register: 5FBD4BD0
!!! L-register: 5FBD4E40
!!! L-unregister: 5FBD4BD0
!!! L-unregister: 5FBD4E40
!!! L-register: 36917A30
!!! L-register: 36917CA0
!!! L-unregister: 36917A30
!!! L-unregister: 36917CA0
!!! L-register: 5F491F70
!!! L-register: 5FBD3FA0
!!! L-unregister: 5F491F70
!!! L-unregister: 5FBD3FA0
!!! L-register: 5FBD4210
!!! L-register: 5FBD4480
!!! L-unregister: 5FBD4210
!!! L-unregister: 5FBD4480
!!! L-register: 5F491A90
!!! L-register: 5F491D00
!!! L-unregister: 5F491A90
!!! L-unregister: 5F491D00
!!! L-register: 5F4910D0
!!! L-register: 5F491340
!!! L-unregister: 5F4910D0
!!! L-unregister: 5F491340
!!! L-register: 5F4915B0
!!! L-register: 5F491820
!!! L-unregister: 5F4915B0
!!! L-unregister: 5F491820
!!! L-register: 5F490BF0
!!! L-register: 5F490E60
!!! L-unregister: 5F490BF0
!!! L-unregister: 5F490E60
!!! L-register: 36918660
!!! L-register: 369188D0
!!! L-unregister: 36918660
!!! L-unregister: 369188D0
!!! L-register: 5FBD4BD0
!!! L-register: 5FBD4E40
!!! L-unregister: 5FBD4BD0
!!! L-unregister: 5FBD4E40
!!! L-register: 36917A30
!!! L-register: 36917CA0
!!! L-unregister: 36917A30
!!! L-unregister: 36917CA0
!!! L-register: 5F491F70
!!! L-register: 5FBD3FA0
!!! L-unregister: 5F491F70
!!! L-unregister: 5FBD3FA0
!!! L-register: 5FBD4210
!!! L-register: 5FBD4480
!!! L-unregister: 5FBD4210
!!! L-unregister: 5FBD4480
!!! L-register: 5F491A90
!!! L-register: 5F491D00
!!! L-unregister: 5F491A90
!!! L-unregister: 5F491D00
!!! L-register: 36918660
!!! L-register: 369188D0
!!! L-unregister: 36918660
!!! L-unregister: 369188D0
!!! L-register: 5F4915B0
!!! L-register: 5F491820
!!! L-unregister: 5F4915B0
!!! L-unregister: 5F491820
!!! L-register: 5F490BF0
!!! L-register: 5F490E60
!!! L-unregister: 5F490BF0
!!! L-unregister: 5F490E60
!!! L-register: 5F4910D0
!!! L-register: 5F491340
!!! L-unregister: 5F4910D0
!!! L-unregister: 5F491340
!!! L-register: 5FBD4BD0
!!! L-register: 5FBD4E40
!!! L-unregister: 5FBD4BD0
!!! L-unregister: 5FBD4E40
!!! L-register: 36917A30
!!! L-register: 36917CA0
!!! L-unregister: 36917A30
!!! L-unregister: 36917CA0
!!! L-register: 36918660
!!! L-register: 369188D0
!!! L-unregister: 36918660
!!! L-unregister: 369188D0
!!! L-register: 5FBD4210
!!! L-register: 5FBD4480
!!! L-unregister: 5FBD4210
!!! L-unregister: 5FBD4480
!!! L-register: 5F491F70
!!! L-register: 5FBD3FA0
!!! L-unregister: 5F491F70
!!! L-unregister: 5FBD3FA0
!!! L-register: 5F491A90
!!! L-register: 5F491D00
!!! L-unregister: 5F491A90
!!! L-unregister: 5F491D00
!!! L-register: 5F490BF0
!!! L-register: 5F490E60
!!! L-unregister: 5F490BF0
!!! L-unregister: 5F490E60
!!! L-register: 5F4910D0
!!! L-register: 5F491340
!!! L-unregister: 5F4910D0
!!! L-unregister: 5F491340
!!! L-register: 5F4915B0
!!! L-register: 5F491820
!!! L-unregister: 5F4915B0
!!! L-unregister: 5F491820
!!! L-register: 5FBD4BD0
!!! L-register: 5FBD4E40
!!! L-unregister: 5FBD4BD0
!!! L-unregister: 5FBD4E40
!!! L-register: 36917A30
!!! L-register: 36917CA0
!!! L-unregister: 36917A30
!!! L-unregister: 36917CA0
!!! L-register: 36918660
!!! L-register: 369188D0
!!! L-unregister: 36918660
!!! L-unregister: 369188D0
!!! L-register: 5F491F70
!!! L-register: 5FBD3FA0
!!! L-unregister: 5F491F70
!!! L-unregister: 5FBD3FA0
!!! L-register: 5FBD4210
!!! L-register: 5FBD4480
!!! L-unregister: 5FBD4210
!!! L-unregister: 5FBD4480
!!! L-register: 36917A30
!!! L-register: 36917CA0
!!! L-unregister: 36917A30
!!! L-unregister: 36917CA0
!!! L-register: 5F491A90
!!! L-register: 5F491D00
!!! L-unregister: 5F491A90
!!! L-unregister: 5F491D00
!!! L-register: 5F4915B0
!!! L-register: 5F491820
!!! L-unregister: 5F4915B0
!!! L-unregister: 5F491820
!!! L-register: 5F490BF0
!!! L-register: 5F490E60
!!! L-unregister: 5F490BF0
!!! L-unregister: 5F490E60
!!! L-register: 5F4910D0
!!! L-register: 5F491340
!!! L-unregister: 5F4910D0
!!! L-unregister: 5F491340
!!! L-register: 5FBD4BD0
!!! L-register: 5FBD4E40
!!! L-unregister: 5FBD4BD0
!!! L-unregister: 5FBD4E40
!!! L-register: 36917A30
!!! L-register: 36917CA0
!!! L-unregister: 36917A30
!!! L-unregister: 36917CA0
!!! L-register: 36918660
!!! L-register: 369188D0
!!! L-unregister: 36918660
!!! L-unregister: 369188D0
!!! L-register: 5F491F70
!!! L-register: 5FBD3FA0
!!! L-unregister: 5F491F70
!!! L-unregister: 5FBD3FA0
!!! L-register: 5FBD4210
!!! L-register: 5FBD4480
!!! L-unregister: 5FBD4210
!!! L-unregister: 5FBD4480
!!! L-register: 5F491A90
!!! L-register: 5F491D00
!!! L-unregister: 5F491A90
!!! L-unregister: 5F491D00
!!! L-register: 5F4910D0
!!! L-register: 5F491340
!!! L-unregister: 5F4910D0
!!! L-unregister: 5F491340
!!! L-register: 5F490BF0
!!! L-register: 5F490E60
!!! L-unregister: 5F490BF0
!!! L-unregister: 5F490E60
!!! L-register: 5F4915B0
!!! L-register: 5F491820
!!! L-unregister: 5F4915B0
!!! L-unregister: 5F491820
!!! L-register: 5FBD4BD0
!!! L-register: 5FBD4E40
!!! L-unregister: 5FBD4BD0
!!! L-unregister: 5FBD4E40
!!! L-register: 36917A30
!!! L-register: 36917CA0
!!! L-unregister: 36917A30
!!! L-unregister: 36917CA0
!!! L-register: 36918660
!!! L-register: 369188D0
!!! L-unregister: 36918660
!!! L-unregister: 369188D0
!!! L-register: 5F491F70
!!! L-register: 5FBD3FA0
!!! L-unregister: 5F491F70
!!! L-unregister: 5FBD3FA0
!!! L-register: 5FBD4210
!!! L-register: 5FBD4480
!!! L-unregister: 5FBD4210
!!! L-unregister: 5FBD4480
!!! L-register: 5F491A90
!!! L-register: 5F491D00
!!! L-unregister: 5F491A90
!!! L-unregister: 5F491D00
!!! L-register: 5F490BF0
!!! L-register: 5F490E60
!!! L-unregister: 5F490BF0
!!! L-unregister: 5F490E60
!!! L-register: 5F4915B0
!!! L-register: 5F491820
!!! L-unregister: 5F4915B0
!!! L-unregister: 5F491820
!!! L-register: 5F4910D0
!!! L-register: 5F491340
!!! L-unregister: 5F4910D0
!!! L-unregister: 5F491340
!!! L-register: 5FBD4BD0
!!! L-register: 5FBD4E40
!!! L-unregister: 5FBD4BD0
!!! L-unregister: 5FBD4E40
!!! L-register: 36917A30
!!! L-register: 36917CA0
!!! L-unregister: 36917A30
!!! L-unregister: 36917CA0
!!! L-register: 36918660
!!! L-register: 369188D0
!!! L-unregister: 36918660
!!! L-unregister: 369188D0
!!! L-register: 5FBD4210
!!! L-register: 5FBD4480
!!! L-unregister: 5FBD4210
!!! L-unregister: 5FBD4480
!!! L-register: 5F491F70
!!! L-register: 5FBD3FA0
!!! L-unregister: 5F491F70
!!! L-unregister: 5FBD3FA0
!!! L-register: 5F491A90
!!! L-register: 5F491D00
!!! L-unregister: 5F491A90
!!! L-unregister: 5F491D00
!!! L-register: 5F4910D0
!!! L-register: 5F491340
!!! L-unregister: 5F4910D0
!!! L-unregister: 5F491340
!!! L-register: 5F4915B0
!!! L-register: 5F491820
!!! L-unregister: 5F4915B0
!!! L-unregister: 5F491820
!!! L-register: 5F490BF0
!!! L-register: 5F490E60
!!! L-unregister: 5F490BF0
!!! L-unregister: 5F490E60
!!! L-register: 5FBD4BD0
!!! L-register: 5FBD4E40
!!! L-unregister: 5FBD4BD0
!!! L-unregister: 5FBD4E40
!!! L-register: 36917A30
!!! L-register: 36917CA0
!!! L-unregister: 36917A30
!!! L-unregister: 36917CA0
!!! L-register: 36918660
!!! L-register: 369188D0
!!! L-unregister: 36918660
!!! L-unregister: 369188D0
!!! L-register: 5FBD4210
!!! L-register: 5FBD4480
!!! L-unregister: 5FBD4210
!!! L-unregister: 5FBD4480
!!! L-register: 5F491F70
!!! L-register: 5FBD3FA0
!!! L-unregister: 5F491F70
!!! L-unregister: 5FBD3FA0
!!! L-register: 5F491A90
!!! L-register: 5F491D00
!!! L-unregister: 5F491A90
!!! L-unregister: 5F491D00
!!! L-register: 5F490BF0
!!! L-register: 5F490E60
!!! L-unregister: 5F490BF0
!!! L-unregister: 5F490E60
!!! L-register: 5F4915B0
!!! L-register: 5F491820
!!! L-unregister: 5F4915B0
!!! L-unregister: 5F491820
!!! L-register: 5F4910D0
!!! L-register: 5F491340
!!! L-unregister: 5F4910D0
!!! L-unregister: 5F491340
!!! L-register: 5FBD4BD0
!!! L-register: 5FBD4E40
!!! L-unregister: 5FBD4BD0
!!! L-unregister: 5FBD4E40
!!! L-register: 36917A30
!!! L-register: 36917CA0
!!! L-unregister: 36917A30
!!! L-unregister: 36917CA0
!!! L-register: 36918660
!!! L-register: 369188D0
!!! L-unregister: 36918660
!!! L-unregister: 369188D0
!!! L-register: 5FBD4210
!!! L-register: 5FBD4480
!!! L-unregister: 5FBD4210
!!! L-unregister: 5FBD4480
!!! L-register: 5F491F70
!!! L-register: 5FBD3FA0
!!! L-unregister: 5F491F70
!!! L-unregister: 5FBD3FA0
!!! L-register: 5F491A90
!!! L-register: 5F491D00
!!! L-unregister: 5F491A90
!!! L-unregister: 5F491D00
!!! L-register: 5F4915B0
!!! L-register: 5F491820
!!! L-unregister: 5F4915B0
!!! L-unregister: 5F491820
!!! L-register: 5F490BF0
!!! L-register: 5F490E60
!!! L-unregister: 5F490BF0
!!! L-unregister: 5F490E60
!!! L-register: 5F4910D0
!!! L-register: 5F491340
!!! L-unregister: 5F4910D0
!!! L-unregister: 5F491340
!!! L-register: 5FBD4BD0
!!! L-register: 5FBD4E40
!!! L-unregister: 5FBD4BD0
!!! L-unregister: 5FBD4E40
!!! L-register: 36917A30
!!! L-register: 36917CA0
!!! L-unregister: 36917A30
!!! L-unregister: 36917CA0
!!! L-register: 36918660
!!! L-register: 369188D0
!!! L-unregister: 36918660
!!! L-unregister: 369188D0
!!! L-register: 5FBD4210
!!! L-register: 5FBD4480
!!! L-unregister: 5FBD4210
!!! L-unregister: 5FBD4480
!!! L-register: 5F491F70
!!! L-register: 5FBD3FA0
!!! L-unregister: 5F491F70
!!! L-unregister: 5FBD3FA0
!!! L-register: 5F491A90
!!! L-register: 5F491D00
!!! L-unregister: 5F491A90
!!! L-unregister: 5F491D00
!!! L-register: 5F490BF0
!!! L-register: 5F490E60
!!! L-unregister: 5F490BF0
!!! L-unregister: 5F490E60
!!! L-register: 5F4910D0
!!! L-register: 5F491340
!!! L-unregister: 5F4910D0
!!! L-unregister: 5F491340
!!! L-register: 5F4915B0
!!! L-register: 5F491820
!!! L-unregister: 5F4915B0
!!! L-unregister: 5F491820
!!! L-register: 5FBD4BD0
!!! L-register: 5FBD4E40
!!! L-unregister: 5FBD4BD0
!!! L-unregister: 5FBD4E40
!!! L-register: 36917A30
!!! L-register: 36917CA0
!!! L-unregister: 36917A30
!!! L-unregister: 36917CA0
!!! L-register: 36918660
!!! L-register: 369188D0
!!! L-unregister: 36918660
!!! L-unregister: 369188D0
!!! L-register: 5F491F70
!!! L-register: 5FBD3FA0
!!! L-unregister: 5F491F70
!!! L-unregister: 5FBD3FA0
!!! L-register: 5FBD4210
!!! L-register: 5FBD4480
!!! L-unregister: 5FBD4210
!!! L-unregister: 5FBD4480
!!! L-register: 5F491A90
!!! L-register: 5F491D00
!!! L-unregister: 5F491A90
!!! L-unregister: 5F491D00
!!! L-register: 5F4910D0
!!! L-register: 5F491340
!!! L-unregister: 5F4910D0
!!! L-unregister: 5F491340
!!! L-register: 5F490BF0
!!! L-register: 5F490E60
!!! L-unregister: 5F490BF0
!!! L-unregister: 5F490E60
!!! L-register: 5F4915B0
!!! L-register: 5F491820
!!! L-unregister: 5F4915B0
!!! L-unregister: 5F491820
!!! L-register: 5FBD4BD0
!!! L-register: 5FBD4E40
!!! L-unregister: 5FBD4BD0
!!! L-unregister: 5FBD4E40
!!! L-register: 36917A30
!!! L-register: 36917CA0
!!! L-unregister: 36917A30
!!! L-unregister: 36917CA0
!!! L-register: 36918660
!!! L-register: 369188D0
!!! L-unregister: 36918660
!!! L-unregister: 369188D0
!!! L-register: 5F491F70
!!! L-register: 5FBD3FA0
!!! L-unregister: 5F491F70
!!! L-unregister: 5FBD3FA0
!!! L-register: 5FBD4210
!!! L-register: 5FBD4480
!!! L-unregister: 5FBD4210
!!! L-unregister: 5FBD4480
!!! L-register: 5F491A90
!!! L-register: 5F491D00
!!! L-unregister: 5F491A90
!!! L-unregister: 5F491D00
!!! L-register: 5F4915B0
!!! L-register: 5F491820
!!! L-unregister: 5F4915B0
!!! L-unregister: 5F491820
!!! L-register: 5F4910D0
!!! L-register: 5F491340
!!! L-unregister: 5F4910D0
!!! L-unregister: 5F491340
!!! L-register: 5F490BF0
!!! L-register: 5F490E60
!!! L-unregister: 5F490BF0
!!! L-unregister: 5F490E60
!!! L-register: 5FBD4BD0
!!! L-register: 5FBD4E40
!!! L-unregister: 5FBD4BD0
!!! L-unregister: 5FBD4E40
!!! L-register: 36917A30
!!! L-register: 36917CA0
!!! L-unregister: 36917A30
!!! L-unregister: 36917CA0
!!! L-register: 36918660
!!! L-register: 369188D0
!!! L-unregister: 36918660
!!! L-unregister: 369188D0
!!! L-register: 5F491F70
!!! L-register: 5FBD3FA0
!!! L-unregister: 5F491F70
!!! L-unregister: 5FBD3FA0
!!! L-register: 5FBD4210
!!! L-register: 5FBD4480
!!! L-unregister: 5FBD4210
!!! L-unregister: 5FBD4480
!!! L-register: 5F491A90
!!! L-register: 5F491D00
!!! L-unregister: 5F491A90
!!! L-unregister: 5F491D00
!!! L-register: 5F4910D0
!!! L-register: 5F491340
!!! L-unregister: 5F4910D0
!!! L-unregister: 5F491340
!!! L-register: 5F4915B0
!!! L-register: 5F491820
!!! L-unregister: 5F4915B0
!!! L-unregister: 5F491820
!!! L-register: 5F490BF0
!!! L-register: 5F490E60
!!! L-unregister: 5F490BF0
!!! L-unregister: 5F490E60
!!! L-register: 5FBD4BD0
!!! L-register: 5FBD4E40
!!! L-unregister: 5FBD4BD0
!!! L-unregister: 5FBD4E40
!!! L-register: 36917A30
!!! L-register: 36917CA0
!!! L-unregister: 36917A30
!!! L-unregister: 36917CA0
!!! L-register: 36918660
!!! L-register: 369188D0
!!! L-unregister: 36918660
!!! L-unregister: 369188D0
!!! L-register: 5F491F70
!!! L-register: 5FBD3FA0
!!! L-unregister: 5F491F70
!!! L-unregister: 5FBD3FA0
!!! L-register: 5FBD4210
!!! L-register: 5FBD4480
!!! L-unregister: 5FBD4210
!!! L-unregister: 5FBD4480
!!! L-register: 5F491A90
!!! L-register: 5F491D00
!!! L-unregister: 5F491A90
!!! L-unregister: 5F491D00
!!! L-register: 5F4915B0
!!! L-register: 5F491820
!!! L-unregister: 5F4915B0
!!! L-unregister: 5F491820
!!! L-register: 5F4910D0
!!! L-register: 5F491340
!!! L-unregister: 5F4910D0
!!! L-unregister: 5F491340
!!! L-register: 5F490BF0
!!! L-register: 5F490E60
!!! L-unregister: 5F490BF0
!!! L-unregister: 5F490E60
!!! L-register: 5FBD4BD0
!!! L-register: 5FBD4E40
!!! L-unregister: 5FBD4BD0
!!! L-unregister: 5FBD4E40
!!! L-register: 36918660
!!! L-register: 369188D0
!!! L-unregister: 36918660
!!! L-unregister: 369188D0
!!! L-register: 36917A30
!!! L-register: 36917CA0
!!! L-unregister: 36917A30
!!! L-unregister: 36917CA0
!!! L-register: 5F491F70
!!! L-register: 5FBD3FA0
!!! L-unregister: 5F491F70
!!! L-unregister: 5FBD3FA0
!!! L-register: 5FBD4210
!!! L-register: 5FBD4480
!!! L-unregister: 5FBD4210
!!! L-unregister: 5FBD4480
!!! L-register: 5F491A90
!!! L-register: 5F491D00
!!! L-unregister: 5F491A90
!!! L-unregister: 5F491D00
!!! L-register: 5F4910D0
!!! L-register: 5F491340
!!! L-unregister: 5F4910D0
!!! L-unregister: 5F491340
!!! L-register: 5F4915B0
!!! L-register: 5F491820
!!! L-unregister: 5F4915B0
!!! L-unregister: 5F491820
!!! L-register: 5F490BF0
!!! L-register: 5F490E60
!!! L-unregister: 5F490BF0
!!! L-unregister: 5F490E60
!!! L-register: 5FBD4BD0
!!! L-register: 5FBD4E40
!!! L-unregister: 5FBD4BD0
!!! L-unregister: 5FBD4E40
!!! L-register: 36918660
!!! L-register: 369188D0
!!! L-unregister: 36918660
!!! L-unregister: 369188D0
!!! L-register: 36917A30
!!! L-register: 36917CA0
!!! L-unregister: 36917A30
!!! L-unregister: 36917CA0
!!! L-register: 5F491F70
!!! L-register: 5FBD3FA0
!!! L-unregister: 5F491F70
!!! L-unregister: 5FBD3FA0
!!! L-register: 5FBD4210
!!! L-register: 5FBD4480
!!! L-unregister: 5FBD4210
!!! L-unregister: 5FBD4480
!!! L-register: 5F491A90
!!! L-register: 5F491D00
!!! L-unregister: 5F491A90
!!! L-unregister: 5F491D00
!!! L-register: 5F4915B0
!!! L-register: 5F491820
!!! L-unregister: 5F4915B0
!!! L-unregister: 5F491820
!!! L-register: 5F4910D0
!!! L-register: 5F491340
!!! L-unregister: 5F4910D0
!!! L-unregister: 5F491340
!!! L-register: 5F490BF0
!!! L-register: 5F490E60
!!! L-unregister: 5F490BF0
!!! L-unregister: 5F490E60
!!! L-register: 5FBD4BD0
!!! L-register: 5FBD4E40
!!! L-unregister: 5FBD4BD0
!!! L-unregister: 5FBD4E40
!!! L-register: 36918660
!!! L-register: 369188D0
!!! L-unregister: 36918660
!!! L-unregister: 369188D0
!!! L-register: 36917A30
!!! L-register: 36917CA0
!!! L-unregister: 36917A30
!!! L-unregister: 36917CA0
!!! L-register: 5F491F70
!!! L-register: 5FBD3FA0
!!! L-unregister: 5F491F70
!!! L-unregister: 5FBD3FA0
!!! L-register: 5FBD4210
!!! L-register: 5FBD4480
!!! L-unregister: 5FBD4210
!!! L-unregister: 5FBD4480
!!! L-register: 5F491A90
!!! L-register: 5F491D00
!!! L-unregister: 5F491A90
!!! L-unregister: 5F491D00
!!! L-register: 5F4915B0
!!! L-register: 5F491820
!!! L-unregister: 5F4915B0
!!! L-unregister: 5F491820
!!! L-register: 5F4910D0
!!! L-register: 5F491340
!!! L-unregister: 5F4910D0
!!! L-unregister: 5F491340
!!! L-register: 5F490BF0
!!! L-register: 5F490E60
!!! L-unregister: 5F490BF0
!!! L-unregister: 5F490E60
!!! L-register: 5FBD4BD0
!!! L-register: 5FBD4E40
!!! L-unregister: 5FBD4BD0
!!! L-unregister: 5FBD4E40
!!! L-register: 36918660
!!! L-register: 369188D0
!!! L-unregister: 36918660
!!! L-unregister: 369188D0
!!! L-register: 36917A30
!!! L-register: 36917CA0
!!! L-unregister: 36917A30
!!! L-unregister: 36917CA0
!!! L-register: 5F491F70
!!! L-register: 5FBD3FA0
!!! L-unregister: 5F491F70
!!! L-unregister: 5FBD3FA0
!!! L-register: 5FBD4210
!!! L-register: 5FBD4480
!!! L-unregister: 5FBD4210
!!! L-unregister: 5FBD4480
!!! L-register: 5F491A90
!!! L-register: 5F491D00
!!! L-unregister: 5F491A90
!!! L-unregister: 5F491D00
!!! L-register: 5F4910D0
!!! L-register: 5F491340
!!! L-unregister: 5F4910D0
!!! L-unregister: 5F491340
!!! L-register: 5F4915B0
!!! L-register: 5F491820
!!! L-unregister: 5F4915B0
!!! L-unregister: 5F491820
!!! L-register: 5F490BF0
!!! L-register: 5F490E60
!!! L-unregister: 5F490BF0
!!! L-unregister: 5F490E60
!!! L-register: 36917A30
!!! L-register: 36917CA0
!!! L-unregister: 36917A30
!!! L-unregister: 36917CA0
!!! L-register: 5FBD4BD0
!!! L-register: 5FBD4E40
!!! L-unregister: 5FBD4BD0
!!! L-unregister: 5FBD4E40
!!! L-register: 36918660
!!! L-register: 369188D0
!!! L-unregister: 36918660
!!! L-unregister: 369188D0
!!! L-register: 36917A30
!!! L-register: 36917CA0
!!! L-unregister: 36917A30
!!! L-unregister: 36917CA0
!!! L-register: 5F491F70
!!! L-register: 5FBD3FA0
!!! L-unregister: 5F491F70
!!! L-unregister: 5FBD3FA0
!!! L-register: 5FBD4210
!!! L-register: 5FBD4480
!!! L-unregister: 5FBD4210
!!! L-unregister: 5FBD4480
!!! L-register: 5F491A90
!!! L-register: 5F491D00
!!! L-unregister: 5F491A90
!!! L-unregister: 5F491D00
!!! L-register: 5F4915B0
!!! L-register: 5F491820
!!! L-unregister: 5F4915B0
!!! L-unregister: 5F491820
!!! L-register: 5F4910D0
!!! L-register: 5F491340
!!! L-unregister: 5F4910D0
!!! L-unregister: 5F491340
!!! L-register: 5F490BF0
!!! L-register: 5F490E60
!!! L-unregister: 5F490BF0
!!! L-unregister: 5F490E60
!!! L-register: 5FBD4BD0
!!! L-register: 5FBD4E40
!!! L-unregister: 5FBD4BD0
!!! L-unregister: 5FBD4E40
!!! L-register: 36918660
!!! L-register: 369188D0
!!! L-unregister: 36918660
!!! L-unregister: 369188D0
!!! L-register: 5F491F70
!!! L-register: 5FBD3FA0
!!! L-unregister: 5F491F70
!!! L-unregister: 5FBD3FA0
!!! L-register: 36917A30
!!! L-register: 36917CA0
!!! L-unregister: 36917A30
!!! L-unregister: 36917CA0
!!! L-register: 5FBD4210
!!! L-register: 5FBD4480
!!! L-unregister: 5FBD4210
!!! L-unregister: 5FBD4480
!!! L-register: 5F491A90
!!! L-register: 5F491D00
!!! L-unregister: 5F491A90
!!! L-unregister: 5F491D00
!!! L-register: 5F4910D0
!!! L-register: 5F491340
!!! L-unregister: 5F4910D0
!!! L-unregister: 5F491340
!!! L-register: 5F4915B0
!!! L-register: 5F491820
!!! L-unregister: 5F4915B0
!!! L-unregister: 5F491820
!!! L-register: 5F490BF0
!!! L-register: 5F490E60
!!! L-unregister: 5F490BF0
!!! L-unregister: 5F490E60
!!! L-register: 5FBD4BD0
!!! L-register: 5FBD4E40
!!! L-unregister: 5FBD4BD0
!!! L-unregister: 5FBD4E40
!!! L-register: 36918660
!!! L-register: 369188D0
!!! L-unregister: 36918660
!!! L-unregister: 369188D0
!!! L-register: 36917A30
!!! L-register: 36917CA0
!!! L-unregister: 36917A30
!!! L-unregister: 36917CA0
!!! L-register: 5F491F70
!!! L-register: 5FBD3FA0
!!! L-unregister: 5F491F70
!!! L-unregister: 5FBD3FA0
!!! L-register: 5FBD4210
!!! L-register: 5FBD4480
!!! L-unregister: 5FBD4210
!!! L-unregister: 5FBD4480
!!! L-register: 36918660
!!! L-register: 369188D0
!!! L-unregister: 36918660
!!! L-unregister: 369188D0
!!! L-register: 5F491A90
!!! L-register: 5F491D00
!!! L-unregister: 5F491A90
!!! L-unregister: 5F491D00
!!! L-register: 5F4915B0
!!! L-register: 5F491820
!!! L-unregister: 5F4915B0
!!! L-unregister: 5F491820
!!! L-register: 5F4910D0
!!! L-register: 5F491340
!!! L-unregister: 5F4910D0
!!! L-unregister: 5F491340
!!! L-register: 5F490BF0
!!! L-register: 5F490E60
!!! L-unregister: 5F490BF0
!!! L-unregister: 5F490E60
!!! L-register: 5FBD4BD0
!!! L-register: 5FBD4E40
!!! L-unregister: 5FBD4BD0
!!! L-unregister: 5FBD4E40
!!! L-register: 36918660
!!! L-register: 369188D0
!!! L-unregister: 36918660
!!! L-unregister: 369188D0
!!! L-register: 36917A30
!!! L-register: 36917CA0
!!! L-unregister: 36917A30
!!! L-unregister: 36917CA0
!!! L-register: 5F491F70
!!! L-register: 5FBD3FA0
!!! L-unregister: 5F491F70
!!! L-unregister: 5FBD3FA0
!!! L-register: 5FBD4210
!!! L-register: 5FBD4480
!!! L-unregister: 5FBD4210
!!! L-unregister: 5FBD4480
!!! L-register: 5F491A90
!!! L-register: 5F491D00
!!! L-unregister: 5F491A90
!!! L-unregister: 5F491D00
!!! L-register: 5F4915B0
!!! L-register: 5F491820
!!! L-unregister: 5F4915B0
!!! L-unregister: 5F491820
!!! L-register: 5F4910D0
!!! L-register: 5F491340
!!! L-unregister: 5F4910D0
!!! L-unregister: 5F491340
!!! L-register: 5F490BF0
!!! L-register: 5F490E60
!!! L-unregister: 5F490BF0
!!! L-unregister: 5F490E60
!!! L-register: 5FBD4BD0
!!! L-register: 5FBD4E40
!!! L-unregister: 5FBD4BD0
!!! L-unregister: 5FBD4E40
!!! L-register: 36918660
!!! L-register: 369188D0
!!! L-unregister: 36918660
!!! L-unregister: 369188D0
!!! L-register: 36917A30
!!! L-register: 36917CA0
!!! L-unregister: 36917A30
!!! L-unregister: 36917CA0
!!! L-register: 5F491F70
!!! L-register: 5FBD3FA0
!!! L-unregister: 5F491F70
!!! L-unregister: 5FBD3FA0
!!! L-register: 5FBD4210
!!! L-register: 5FBD4480
!!! L-unregister: 5FBD4210
!!! L-unregister: 5FBD4480
!!! L-register: 5F491A90
!!! L-register: 5F491D00
!!! L-unregister: 5F491A90
!!! L-unregister: 5F491D00
!!! L-register: 5F4910D0
!!! L-register: 5F491340
!!! L-unregister: 5F4910D0
!!! L-unregister: 5F491340
!!! L-register: 5F4915B0
!!! L-register: 5F491820
!!! L-unregister: 5F4915B0
!!! L-unregister: 5F491820
!!! L-register: 5F490BF0
!!! L-register: 5F490E60
!!! L-unregister: 5F490BF0
!!! L-unregister: 5F490E60
!!! L-register: 5FBD4BD0
!!! L-register: 5FBD4E40
!!! L-unregister: 5FBD4BD0
!!! L-unregister: 5FBD4E40
!!! L-register: 36917A30
!!! L-register: 36917CA0
!!! L-unregister: 36917A30
!!! L-unregister: 36917CA0
!!! L-register: 36918660
!!! L-register: 369188D0
!!! L-unregister: 36918660
!!! L-unregister: 369188D0
!!! L-register: 5F491F70
!!! L-register: 5FBD3FA0
!!! L-unregister: 5F491F70
!!! L-unregister: 5FBD3FA0
!!! L-register: 5FBD4210
!!! L-register: 5FBD4480
!!! L-unregister: 5FBD4210
!!! L-unregister: 5FBD4480
!!! L-register: 5F491A90
!!! L-register: 5F491D00
!!! L-unregister: 5F491A90
!!! L-unregister: 5F491D00
!!! L-register: 5F4915B0
!!! L-register: 5F491820
!!! L-unregister: 5F4915B0
!!! L-unregister: 5F491820
!!! L-register: 5F4910D0
!!! L-register: 5F491340
!!! L-unregister: 5F4910D0
!!! L-unregister: 5F491340
!!! L-register: 5F490BF0
!!! L-register: 5F490E60
!!! L-unregister: 5F490BF0
!!! L-unregister: 5F490E60
!!! L-register: 5FBD4BD0
!!! L-register: 5FBD4E40
!!! L-unregister: 5FBD4BD0
!!! L-unregister: 5FBD4E40
!!! L-register: 36917A30
!!! L-register: 36917CA0
!!! L-unregister: 36917A30
!!! L-unregister: 36917CA0
!!! L-register: 36918660
!!! L-register: 369188D0
!!! L-unregister: 36918660
!!! L-unregister: 369188D0
!!! L-register: 5F491F70
!!! L-register: 5FBD3FA0
!!! L-unregister: 5F491F70
!!! L-unregister: 5FBD3FA0
!!! L-register: 5FBD4210
!!! L-register: 5FBD4480
!!! L-unregister: 5FBD4210
!!! L-unregister: 5FBD4480
!!! L-register: 5F491A90
!!! L-register: 5F491D00
!!! L-unregister: 5F491A90
!!! L-unregister: 5F491D00
!!! L-register: 5F4915B0
!!! L-register: 5F491820
!!! L-unregister: 5F4915B0
!!! L-unregister: 5F491820
!!! L-register: 5F4910D0
!!! L-register: 5F491340
!!! L-unregister: 5F4910D0
!!! L-unregister: 5F491340
!!! L-register: 5F490BF0
!!! L-register: 5F490E60
!!! L-unregister: 5F490BF0
!!! L-unregister: 5F490E60
!!! L-register: 5FBD4BD0
!!! L-register: 5FBD4E40
!!! L-unregister: 5FBD4BD0
!!! L-unregister: 5FBD4E40
!!! L-register: 36918660
!!! L-register: 369188D0
!!! L-unregister: 36918660
!!! L-unregister: 369188D0
!!! L-register: 36917A30
!!! L-register: 36917CA0
!!! L-unregister: 36917A30
!!! L-unregister: 36917CA0
!!! L-register: 5F491F70
!!! L-register: 5FBD3FA0
!!! L-unregister: 5F491F70
!!! L-unregister: 5FBD3FA0
!!! L-register: 5FBD4210
!!! L-register: 5FBD4480
!!! L-unregister: 5FBD4210
!!! L-unregister: 5FBD4480
!!! L-register: 5F491A90
!!! L-register: 5F491D00
!!! L-unregister: 5F491A90
!!! L-unregister: 5F491D00
!!! L-register: 5F4915B0
!!! L-register: 5F491820
!!! L-unregister: 5F4915B0
!!! L-unregister: 5F491820
!!! L-register: 5F4910D0
!!! L-register: 5F491340
!!! L-unregister: 5F4910D0
!!! L-unregister: 5F491340
!!! L-register: 5F490BF0
!!! L-register: 5F490E60
!!! L-unregister: 5F490BF0
!!! L-unregister: 5F490E60
!!! L-register: 5FBD4BD0
!!! L-register: 5FBD4E40
!!! L-unregister: 5FBD4BD0
!!! L-unregister: 5FBD4E40
!!! L-register: 36918660
!!! L-register: 369188D0
!!! L-unregister: 36918660
!!! L-unregister: 369188D0
!!! L-register: 36917A30
!!! L-register: 36917CA0
!!! L-unregister: 36917A30
!!! L-unregister: 36917CA0
!!! L-register: 5F491F70
!!! L-register: 5FBD3FA0
!!! L-unregister: 5F491F70
!!! L-unregister: 5FBD3FA0
!!! L-register: 5FBD4210
!!! L-register: 5FBD4480
!!! L-unregister: 5FBD4210
!!! L-unregister: 5FBD4480
!!! L-register: 5F491A90
!!! L-register: 5F491D00
!!! L-unregister: 5F491A90
!!! L-unregister: 5F491D00
!!! L-register: 5F4910D0
!!! L-register: 5F491340
!!! L-unregister: 5F4910D0
!!! L-unregister: 5F491340
!!! L-register: 5F4915B0
!!! L-register: 5F491820
!!! L-unregister: 5F4915B0
!!! L-unregister: 5F491820
!!! L-register: 5F490BF0
!!! L-register: 5F490E60
!!! L-unregister: 5F490BF0
!!! L-unregister: 5F490E60
!!! L-register: 5FBD4BD0
!!! L-register: 5FBD4E40
!!! L-unregister: 5FBD4BD0
!!! L-unregister: 5FBD4E40
!!! L-register: 36918660
!!! L-register: 369188D0
!!! L-unregister: 36918660
!!! L-unregister: 369188D0
!!! L-register: 36917A30
!!! L-register: 36917CA0
!!! L-unregister: 36917A30
!!! L-unregister: 36917CA0
!!! L-register: 5F491F70
!!! L-register: 5FBD3FA0
!!! L-unregister: 5F491F70
!!! L-unregister: 5FBD3FA0
!!! L-register: 5FBD4210
!!! L-register: 5FBD4480
!!! L-unregister: 5FBD4210
!!! L-unregister: 5FBD4480
!!! L-register: 5F491A90
!!! L-register: 5F491D00
!!! L-unregister: 5F491A90
!!! L-unregister: 5F491D00
!!! L-register: 5F4915B0
!!! L-register: 5F491820
!!! L-unregister: 5F4915B0
!!! L-unregister: 5F491820
!!! L-register: 5F4910D0
!!! L-register: 5F491340
!!! L-unregister: 5F4910D0
!!! L-unregister: 5F491340
!!! L-register: 5F490BF0
!!! L-register: 5F490E60
!!! L-unregister: 5F490BF0
!!! L-unregister: 5F490E60
!!! L-register: 36918660
!!! L-register: 369188D0
!!! L-unregister: 36918660
!!! L-unregister: 369188D0
!!! L-register: 36917A30
!!! L-register: 36917CA0
!!! L-unregister: 36917A30
!!! L-unregister: 36917CA0
!!! L-register: 5FBD4BD0
!!! L-register: 5FBD4E40
!!! L-unregister: 5FBD4BD0
!!! L-unregister: 5FBD4E40
!!! L-register: 36918660
!!! L-register: 369188D0
!!! L-unregister: 36918660
!!! L-unregister: 369188D0
!!! L-register: 36917A30
!!! L-register: 36917CA0
!!! L-unregister: 36917A30
!!! L-unregister: 36917CA0
!!! L-register: 5F491F70
!!! L-register: 5FBD3FA0
!!! L-unregister: 5F491F70
!!! L-unregister: 5FBD3FA0
!!! L-register: 5FBD4210
!!! L-register: 5FBD4480
!!! L-unregister: 5FBD4210
!!! L-unregister: 5FBD4480
!!! L-register: 5F491A90
!!! L-register: 5F491D00
!!! L-unregister: 5F491A90
!!! L-unregister: 5F491D00
!!! L-register: 5F4915B0
!!! L-register: 5F491820
!!! L-unregister: 5F4915B0
!!! L-unregister: 5F491820
!!! L-register: 5F4910D0
!!! L-register: 5F491340
!!! L-unregister: 5F4910D0
!!! L-unregister: 5F491340
!!! L-register: 5F490BF0
!!! L-register: 5F490E60
!!! L-unregister: 5F490BF0
!!! L-unregister: 5F490E60
!!! L-register: 5FBD4BD0
!!! L-register: 5FBD4E40
!!! L-unregister: 5FBD4BD0
!!! L-unregister: 5FBD4E40
!!! L-register: 36918660
!!! L-register: 369188D0
!!! L-unregister: 36918660
!!! L-unregister: 369188D0
!!! L-register: 36917A30
!!! L-register: 36917CA0
!!! L-unregister: 36917A30
!!! L-unregister: 36917CA0
!!! L-register: 5F491F70
!!! L-register: 5FBD3FA0
!!! L-unregister: 5F491F70
!!! L-unregister: 5FBD3FA0
!!! L-register: 5FBD4210
!!! L-register: 5FBD4480
!!! L-unregister: 5FBD4210
!!! L-unregister: 5FBD4480
!!! L-register: 5F491A90
!!! L-register: 5F491D00
!!! L-unregister: 5F491A90
!!! L-unregister: 5F491D00
!!! L-register: 5F4915B0
!!! L-register: 5F491820
!!! L-unregister: 5F4915B0
!!! L-unregister: 5F491820
!!! L-register: 5F4910D0
!!! L-register: 5F491340
!!! L-unregister: 5F4910D0
!!! L-unregister: 5F491340
!!! L-register: 5F490BF0
!!! L-register: 5F490E60
!!! L-unregister: 5F490BF0
!!! L-unregister: 5F490E60
!!! L-register: 5FBD4BD0
!!! L-register: 5FBD4E40
!!! L-unregister: 5FBD4BD0
!!! L-unregister: 5FBD4E40
!!! L-register: 36918660
!!! L-register: 369188D0
!!! L-unregister: 36918660
!!! L-unregister: 369188D0
!!! L-register: 36917A30
!!! L-register: 36917CA0
!!! L-unregister: 36917A30
!!! L-unregister: 36917CA0
!!! L-register: 5F491F70
!!! L-register: 5FBD3FA0
!!! L-unregister: 5F491F70
!!! L-unregister: 5FBD3FA0
!!! L-register: 5FBD4210
!!! L-register: 5FBD4480
!!! L-unregister: 5FBD4210
!!! L-unregister: 5FBD4480
!!! L-register: 5F491A90
!!! L-register: 5F491D00
!!! L-unregister: 5F491A90
!!! L-unregister: 5F491D00
!!! L-register: 5F4915B0
!!! L-register: 5F491820
!!! L-unregister: 5F4915B0
!!! L-unregister: 5F491820
!!! L-register: 5F4910D0
!!! L-register: 5F491340
!!! L-unregister: 5F4910D0
!!! L-unregister: 5F491340
!!! L-register: 5F490BF0
!!! L-register: 5F490E60
!!! L-unregister: 5F490BF0
!!! L-unregister: 5F490E60
!!! L-register: 5FBD4BD0
!!! L-register: 5FBD4E40
!!! L-unregister: 5FBD4BD0
!!! L-unregister: 5FBD4E40
!!! L-register: 36918660
!!! L-register: 369188D0
!!! L-unregister: 36918660
!!! L-unregister: 369188D0
!!! L-register: 36917A30
!!! L-register: 36917CA0
!!! L-unregister: 36917A30
!!! L-unregister: 36917CA0
!!! L-register: 5F491F70
!!! L-register: 5FBD3FA0
!!! L-unregister: 5F491F70
!!! L-unregister: 5FBD3FA0
!!! L-register: 5FBD4210
!!! L-register: 5FBD4480
!!! L-unregister: 5FBD4210
!!! L-unregister: 5FBD4480
!!! L-register: 5F491A90
!!! L-register: 5F491D00
!!! L-unregister: 5F491A90
!!! L-unregister: 5F491D00
!!! L-register: 5F4910D0
!!! L-register: 5F491340
!!! L-unregister: 5F4910D0
!!! L-unregister: 5F491340
!!! L-register: 5F4915B0
!!! L-register: 5F491820
!!! L-unregister: 5F4915B0
!!! L-unregister: 5F491820
!!! L-register: 5F490BF0
!!! L-register: 5F490E60
!!! L-unregister: 5F490BF0
!!! L-unregister: 5F490E60
!!! L-register: 5FBD4BD0
!!! L-register: 5FBD4E40
!!! L-unregister: 5FBD4BD0
!!! L-unregister: 5FBD4E40
!!! L-register: 36917A30
!!! L-register: 36917CA0
!!! L-unregister: 36917A30
!!! L-unregister: 36917CA0
!!! L-register: 36918660
!!! L-register: 369188D0
!!! L-unregister: 36918660
!!! L-unregister: 369188D0
!!! L-register: 5F491F70
!!! L-register: 5FBD3FA0
!!! L-unregister: 5F491F70
!!! L-unregister: 5FBD3FA0
!!! L-register: 5FBD4210
!!! L-register: 5FBD4480
!!! L-unregister: 5FBD4210
!!! L-unregister: 5FBD4480
!!! L-register: 5F4915B0
!!! L-register: 5F491820
!!! L-unregister: 5F4915B0
!!! L-unregister: 5F491820
!!! L-register: 5F4910D0
!!! L-register: 5F491340
!!! L-unregister: 5F4910D0
!!! L-unregister: 5F491340
!!! L-register: 5F491A90
!!! L-register: 5F491D00
!!! L-unregister: 5F491A90
!!! L-unregister: 5F491D00
!!! L-register: 5F490BF0
!!! L-register: 5F490E60
!!! L-unregister: 5F490BF0
!!! L-unregister: 5F490E60
!!! L-register: 5FBD4BD0
!!! L-register: 5FBD4E40
!!! L-unregister: 5FBD4BD0
!!! L-unregister: 5FBD4E40
!!! L-register: 36917A30
!!! L-register: 36917CA0
!!! L-unregister: 36917A30
!!! L-unregister: 36917CA0
!!! L-register: 36918660
!!! L-register: 369188D0
!!! L-unregister: 36918660
!!! L-unregister: 369188D0
!!! L-register: 5F491F70
!!! L-register: 5FBD3FA0
!!! L-unregister: 5F491F70
!!! L-unregister: 5FBD3FA0
!!! L-register: 5FBD4210
!!! L-register: 5FBD4480
!!! L-unregister: 5FBD4210
!!! L-unregister: 5FBD4480
!!! L-register: 36918660
!!! L-register: 369188D0
!!! L-unregister: 36918660
!!! L-unregister: 369188D0
!!! L-register: 36917A30
!!! L-register: 36917CA0
!!! L-unregister: 36917A30
!!! L-unregister: 36917CA0
!!! L-register: 5F4910D0
!!! L-register: 5F491340
!!! L-unregister: 5F4910D0
!!! L-unregister: 5F491340
!!! L-register: 5F491A90
!!! L-register: 5F491D00
!!! L-unregister: 5F491A90
!!! L-unregister: 5F491D00
!!! L-register: 5F4915B0
!!! L-register: 5F491820
!!! L-unregister: 5F4915B0
!!! L-unregister: 5F491820
!!! L-register: 5F490BF0
!!! L-register: 5F490E60
!!! L-unregister: 5F490BF0
!!! L-unregister: 5F490E60
!!! L-register: 5FBD4BD0
!!! L-register: 5FBD4E40
!!! L-unregister: 5FBD4BD0
!!! L-unregister: 5FBD4E40
!!! L-register: 36917A30
!!! L-register: 36917CA0
!!! L-unregister: 36917A30
!!! L-unregister: 36917CA0
!!! L-register: 36918660
!!! L-register: 369188D0
!!! L-unregister: 36918660
!!! L-unregister: 369188D0
!!! L-register: 5F491F70
!!! L-register: 5FBD3FA0
!!! L-unregister: 5F491F70
!!! L-unregister: 5FBD3FA0
!!! L-register: 5FBD4210
!!! L-register: 5FBD4480
!!! L-unregister: 5FBD4210
!!! L-unregister: 5FBD4480
!!! L-register: 5F4910D0
!!! L-register: 5F491340
!!! L-unregister: 5F4910D0
!!! L-unregister: 5F491340
!!! L-register: 5F4915B0
!!! L-register: 5F491820
!!! L-unregister: 5F4915B0
!!! L-unregister: 5F491820
!!! L-register: 5F491A90
!!! L-register: 5F491D00
!!! L-unregister: 5F491A90
!!! L-unregister: 5F491D00
!!! L-register: 5F490BF0
!!! L-register: 5F490E60
!!! L-unregister: 5F490BF0
!!! L-unregister: 5F490E60
!!! L-register: 5FBD4BD0
!!! L-register: 5FBD4E40
!!! L-unregister: 5FBD4BD0
!!! L-unregister: 5FBD4E40
!!! L-register: 36917A30
!!! L-register: 36917CA0
!!! L-unregister: 36917A30
!!! L-unregister: 36917CA0
!!! L-register: 36918660
!!! L-register: 369188D0
!!! L-unregister: 36918660
!!! L-unregister: 369188D0
!!! L-register: 5F491F70
!!! L-register: 5FBD3FA0
!!! L-unregister: 5F491F70
!!! L-unregister: 5FBD3FA0
!!! L-register: 5FBD4210
!!! L-register: 5FBD4480
!!! L-unregister: 5FBD4210
!!! L-unregister: 5FBD4480
!!! L-register: 5F491A90
!!! L-register: 5F491D00
!!! L-unregister: 5F491A90
!!! L-unregister: 5F491D00
!!! L-register: 5F4915B0
!!! L-register: 5F491820
!!! L-unregister: 5F4915B0
!!! L-unregister: 5F491820
!!! L-register: 5F4910D0
!!! L-register: 5F491340
!!! L-unregister: 5F4910D0
!!! L-unregister: 5F491340
!!! L-register: 5F490BF0
!!! L-register: 5F490E60
!!! L-unregister: 5F490BF0
!!! L-unregister: 5F490E60
!!! L-register: 5FBD4BD0
!!! L-register: 5FBD4E40
!!! L-unregister: 5FBD4BD0
!!! L-unregister: 5FBD4E40
!!! L-register: 36917A30
!!! L-register: 36917CA0
!!! L-unregister: 36917A30
!!! L-unregister: 36917CA0
!!! L-register: 36918660
!!! L-register: 369188D0
!!! L-unregister: 36918660
!!! L-unregister: 369188D0
!!! L-register: 5FBD4210
!!! L-register: 5FBD4480
!!! L-unregister: 5FBD4210
!!! L-unregister: 5FBD4480
!!! L-register: 5F491F70
!!! L-register: 5FBD3FA0
!!! L-unregister: 5F491F70
!!! L-unregister: 5FBD3FA0
!!! L-register: 5F491A90
!!! L-register: 5F491D00
!!! L-unregister: 5F491A90
!!! L-unregister: 5F491D00
!!! L-register: 5F4910D0
!!! L-register: 5F491340
!!! L-unregister: 5F4910D0
!!! L-unregister: 5F491340
!!! L-register: 5F4915B0
!!! L-register: 5F491820
!!! L-unregister: 5F4915B0
!!! L-unregister: 5F491820
!!! L-register: 5F490BF0
!!! L-register: 5F490E60
!!! L-unregister: 5F490BF0
!!! L-unregister: 5F490E60
!!! L-register: 5FBD4BD0
!!! L-register: 5FBD4E40
!!! L-unregister: 5FBD4BD0
!!! L-unregister: 5FBD4E40
!!! L-register: 36918660
!!! L-register: 369188D0
!!! L-unregister: 36918660
!!! L-unregister: 369188D0
!!! L-register: 36917A30
!!! L-register: 36917CA0
!!! L-unregister: 36917A30
!!! L-unregister: 36917CA0
!!! L-register: 5FBD4210
!!! L-register: 5FBD4480
!!! L-unregister: 5FBD4210
!!! L-unregister: 5FBD4480
!!! L-register: 5F491F70
!!! L-register: 5FBD3FA0
!!! L-unregister: 5F491F70
!!! L-unregister: 5FBD3FA0
!!! L-register: 5F4910D0
!!! L-register: 5F491340
!!! L-unregister: 5F4910D0
!!! L-unregister: 5F491340
!!! L-register: 5F491A90
!!! L-register: 5F491D00
!!! L-unregister: 5F491A90
!!! L-unregister: 5F491D00
!!! L-register: 5F4915B0
!!! L-register: 5F491820
!!! L-unregister: 5F4915B0
!!! L-unregister: 5F491820
!!! L-register: 5F490BF0
!!! L-register: 5F490E60
!!! L-unregister: 5F490BF0
!!! L-unregister: 5F490E60
!!! L-register: 5FBD4BD0
!!! L-register: 5FBD4E40
!!! L-unregister: 5FBD4BD0
!!! L-unregister: 5FBD4E40
!!! L-register: 36918660
!!! L-register: 369188D0
!!! L-unregister: 36918660
!!! L-unregister: 369188D0
!!! L-register: 36917A30
!!! L-register: 36917CA0
!!! L-unregister: 36917A30
!!! L-unregister: 36917CA0
!!! L-register: 5F491F70
!!! L-register: 5FBD3FA0
!!! L-unregister: 5F491F70
!!! L-unregister: 5FBD3FA0
!!! L-register: 5FBD4210
!!! L-register: 5FBD4480
!!! L-unregister: 5FBD4210
!!! L-unregister: 5FBD4480
!!! L-register: 5F491A90
!!! L-register: 5F491D00
!!! L-unregister: 5F491A90
!!! L-unregister: 5F491D00
!!! L-register: 5F4915B0
!!! L-register: 5F491820
!!! L-unregister: 5F4915B0
!!! L-unregister: 5F491820
!!! L-register: 5F4910D0
!!! L-register: 5F491340
!!! L-unregister: 5F4910D0
!!! L-unregister: 5F491340
!!! L-register: 5F490BF0
!!! L-register: 5F490E60
!!! L-unregister: 5F490BF0
!!! L-unregister: 5F490E60
!!! L-register: 5FBD4BD0
!!! L-register: 5FBD4E40
!!! L-unregister: 5FBD4BD0
!!! L-unregister: 5FBD4E40
!!! L-register: 36918660
!!! L-register: 369188D0
!!! L-unregister: 36918660
!!! L-unregister: 369188D0
!!! L-register: 36917A30
!!! L-register: 36917CA0
!!! L-unregister: 36917A30
!!! L-unregister: 36917CA0
!!! L-register: 5FBD4210
!!! L-register: 5FBD4480
!!! L-unregister: 5FBD4210
!!! L-unregister: 5FBD4480
!!! L-register: 5F491F70
!!! L-register: 5FBD3FA0
!!! L-unregister: 5F491F70
!!! L-unregister: 5FBD3FA0
!!! L-register: 5F491A90
!!! L-register: 5F491D00
!!! L-unregister: 5F491A90
!!! L-unregister: 5F491D00
!!! L-register: 5F4910D0
!!! L-register: 5F491340
!!! L-unregister: 5F4910D0
!!! L-unregister: 5F491340
!!! L-register: 5F4915B0
!!! L-register: 5F491820
!!! L-unregister: 5F4915B0
!!! L-unregister: 5F491820
!!! L-register: 5F490BF0
!!! L-register: 5F490E60
!!! L-unregister: 5F490BF0
!!! L-unregister: 5F490E60
!!! L-register: 36918660
!!! L-register: 369188D0
!!! L-unregister: 36918660
!!! L-unregister: 369188D0
!!! L-register: 5FBD4BD0
!!! L-register: 5FBD4E40
!!! L-unregister: 5FBD4BD0
!!! L-unregister: 5FBD4E40
!!! L-register: 36917A30
!!! L-register: 36917CA0
!!! L-unregister: 36917A30
!!! L-unregister: 36917CA0
!!! L-register: 36918660
!!! L-register: 369188D0
!!! L-unregister: 36918660
!!! L-unregister: 369188D0
!!! L-register: 5FBD4210
!!! L-register: 5FBD4480
!!! L-unregister: 5FBD4210
!!! L-unregister: 5FBD4480
!!! L-register: 5F491F70
!!! L-register: 5FBD3FA0
!!! L-unregister: 5F491F70
!!! L-unregister: 5FBD3FA0
!!! L-register: 5F491A90
!!! L-register: 5F491D00
!!! L-unregister: 5F491A90
!!! L-unregister: 5F491D00
!!! L-register: 5F4915B0
!!! L-register: 5F491820
!!! L-unregister: 5F4915B0
!!! L-unregister: 5F491820
!!! L-register: 5F4910D0
!!! L-register: 5F491340
!!! L-unregister: 5F4910D0
!!! L-unregister: 5F491340
!!! L-register: 5F490BF0
!!! L-register: 5F490E60
!!! L-unregister: 5F490BF0
!!! L-unregister: 5F490E60
!!! L-register: 5FBD4BD0
!!! L-register: 5FBD4E40
!!! L-unregister: 5FBD4BD0
!!! L-unregister: 5FBD4E40
!!! L-register: 36917A30
!!! L-register: 36917CA0
!!! L-unregister: 36917A30
!!! L-unregister: 36917CA0
!!! L-register: 36918660
!!! L-register: 369188D0
!!! L-unregister: 36918660
!!! L-unregister: 369188D0
!!! L-register: 5F491F70
!!! L-register: 5FBD3FA0
!!! L-unregister: 5F491F70
!!! L-unregister: 5FBD3FA0
!!! L-register: 5FBD4210
!!! L-register: 5FBD4480
!!! L-unregister: 5FBD4210
!!! L-unregister: 5FBD4480
!!! L-register: 5F4915B0
!!! L-register: 5F491820
!!! L-unregister: 5F4915B0
!!! L-unregister: 5F491820
!!! L-register: 5F4910D0
!!! L-register: 5F491340
!!! L-unregister: 5F4910D0
!!! L-unregister: 5F491340
!!! L-register: 5F491A90
!!! L-register: 5F491D00
!!! L-unregister: 5F491A90
!!! L-unregister: 5F491D00
!!! L-register: 5F490BF0
!!! L-register: 5F490E60
!!! L-unregister: 5F490BF0
!!! L-unregister: 5F490E60
!!! L-register: 5FBD4BD0
!!! L-register: 5FBD4E40
!!! L-unregister: 5FBD4BD0
!!! L-unregister: 5FBD4E40
!!! L-register: 36917A30
!!! L-register: 36917CA0
!!! L-unregister: 36917A30
!!! L-unregister: 36917CA0
!!! L-register: 36918660
!!! L-register: 369188D0
!!! L-unregister: 36918660
!!! L-unregister: 369188D0
!!! L-register: 5FBD4210
!!! L-register: 5FBD4480
!!! L-unregister: 5FBD4210
!!! L-unregister: 5FBD4480
!!! L-register: 5F491F70
!!! L-register: 5FBD3FA0
!!! L-unregister: 5F491F70
!!! L-unregister: 5FBD3FA0
!!! L-register: 5F4915B0
!!! L-register: 5F491820
!!! L-unregister: 5F4915B0
!!! L-unregister: 5F491820
!!! L-register: 5F4910D0
!!! L-register: 5F491340
!!! L-unregister: 5F4910D0
!!! L-unregister: 5F491340
!!! L-register: 5F491A90
!!! L-register: 5F491D00
!!! L-unregister: 5F491A90
!!! L-unregister: 5F491D00
!!! L-register: 5F490BF0
!!! L-register: 5F490E60
!!! L-unregister: 5F490BF0
!!! L-unregister: 5F490E60
!!! L-register: 5FBD4BD0
!!! L-register: 5FBD4E40
!!! L-unregister: 5FBD4BD0
!!! L-unregister: 5FBD4E40
!!! L-register: 36917A30
!!! L-register: 36917CA0
!!! L-unregister: 36917A30
!!! L-unregister: 36917CA0
!!! L-register: 36918660
!!! L-register: 369188D0
!!! L-unregister: 36918660
!!! L-unregister: 369188D0
!!! L-register: 5FBD4210
!!! L-register: 5FBD4480
!!! L-unregister: 5FBD4210
!!! L-unregister: 5FBD4480
!!! L-register: 5F491F70
!!! L-register: 5FBD3FA0
!!! L-unregister: 5F491F70
!!! L-unregister: 5FBD3FA0
!!! L-register: 5F4915B0
!!! L-register: 5F491820
!!! L-unregister: 5F4915B0
!!! L-unregister: 5F491820
!!! L-register: 5F491A90
!!! L-register: 5F491D00
!!! L-unregister: 5F491A90
!!! L-unregister: 5F491D00
!!! L-register: 5F4910D0
!!! L-register: 5F491340
!!! L-unregister: 5F4910D0
!!! L-unregister: 5F491340
!!! L-register: 5F490BF0
!!! L-register: 5F490E60
!!! L-unregister: 5F490BF0
!!! L-unregister: 5F490E60
!!! L-register: 36917A30
!!! L-register: 36917CA0
!!! L-unregister: 36917A30
!!! L-unregister: 36917CA0
!!! L-register: 5FBD4BD0
!!! L-register: 5FBD4E40
!!! L-unregister: 5FBD4BD0
!!! L-unregister: 5FBD4E40
!!! L-register: 36918660
!!! L-register: 369188D0
!!! L-unregister: 36918660
!!! L-unregister: 369188D0
!!! L-register: 5F491F70
!!! L-register: 5FBD3FA0
!!! L-unregister: 5F491F70
!!! L-unregister: 5FBD3FA0
!!! L-register: 5FBD4210
!!! L-register: 5FBD4480
!!! L-unregister: 5FBD4210
!!! L-unregister: 5FBD4480
!!! L-register: 36917A30
!!! L-register: 36917CA0
!!! L-unregister: 36917A30
!!! L-unregister: 36917CA0
!!! L-register: 5F491A90
!!! L-register: 5F491D00
!!! L-unregister: 5F491A90
!!! L-unregister: 5F491D00
!!! L-register: 5F4910D0
!!! L-register: 5F491340
!!! L-unregister: 5F4910D0
!!! L-unregister: 5F491340
!!! L-register: 5F4915B0
!!! L-register: 5F491820
!!! L-unregister: 5F4915B0
!!! L-unregister: 5F491820
!!! L-register: 5F490BF0
!!! L-register: 5F490E60
!!! L-unregister: 5F490BF0
!!! L-unregister: 5F490E60
!!! L-register: 5FBD4BD0
!!! L-register: 5FBD4E40
!!! L-unregister: 5FBD4BD0
!!! L-unregister: 5FBD4E40
!!! L-register: 36918660
!!! L-register: 369188D0
!!! L-unregister: 36918660
!!! L-unregister: 369188D0
!!! L-register: 36917A30
!!! L-register: 36917CA0
!!! L-unregister: 36917A30
!!! L-unregister: 36917CA0
!!! L-register: 36918660
!!! L-register: 369188D0
!!! L-unregister: 36918660
!!! L-unregister: 369188D0
!!! L-register: 5F491F70
!!! L-register: 5FBD3FA0
!!! L-unregister: 5F491F70
!!! L-unregister: 5FBD3FA0
!!! L-register: 5FBD4210
!!! L-register: 5FBD4480
!!! L-unregister: 5FBD4210
!!! L-unregister: 5FBD4480
!!! L-register: 5F491A90
!!! L-register: 5F491D00
!!! L-unregister: 5F491A90
!!! L-unregister: 5F491D00
!!! L-register: 5F4910D0
!!! L-register: 5F491340
!!! L-unregister: 5F4910D0
!!! L-unregister: 5F491340
!!! L-register: 5F4915B0
!!! L-register: 5F491820
!!! L-unregister: 5F4915B0
!!! L-unregister: 5F491820
!!! L-register: 5F490BF0
!!! L-register: 5F490E60
!!! L-unregister: 5F490BF0
!!! L-unregister: 5F490E60
!!! L-register: 5FBD4BD0
!!! L-register: 5FBD4E40
!!! L-unregister: 5FBD4BD0
!!! L-unregister: 5FBD4E40
!!! L-register: 36918660
!!! L-register: 369188D0
!!! L-unregister: 36918660
!!! L-unregister: 369188D0
!!! L-register: 36917A30
!!! L-register: 36917CA0
!!! L-unregister: 36917A30
!!! L-unregister: 36917CA0
!!! L-register: 5FBD4210
!!! L-register: 5FBD4480
!!! L-unregister: 5FBD4210
!!! L-unregister: 5FBD4480
!!! L-register: 5F491F70
!!! L-register: 5FBD3FA0
!!! L-unregister: 5F491F70
!!! L-unregister: 5FBD3FA0
!!! L-register: 5F491A90
!!! L-register: 5F491D00
!!! L-unregister: 5F491A90
!!! L-unregister: 5F491D00
!!! L-register: 5F4915B0
!!! L-register: 5F491820
!!! L-unregister: 5F4915B0
!!! L-unregister: 5F491820
!!! L-register: 5F4910D0
!!! L-register: 5F491340
!!! L-unregister: 5F4910D0
!!! L-unregister: 5F491340
!!! L-register: 5F490BF0
!!! L-register: 5F490E60
!!! L-unregister: 5F490BF0
!!! L-unregister: 5F490E60
!!! L-register: 5FBD4BD0
!!! L-register: 5FBD4E40
!!! L-unregister: 5FBD4BD0
!!! L-unregister: 5FBD4E40
!!! L-register: 36918660
!!! L-register: 369188D0
!!! L-unregister: 36918660
!!! L-unregister: 369188D0
!!! L-register: 36917A30
!!! L-register: 36917CA0
!!! L-unregister: 36917A30
!!! L-unregister: 36917CA0
!!! L-register: 5F491F70
!!! L-register: 5FBD3FA0
!!! L-unregister: 5F491F70
!!! L-unregister: 5FBD3FA0
!!! L-register: 5FBD4210
!!! L-register: 5FBD4480
!!! L-unregister: 5FBD4210
!!! L-unregister: 5FBD4480
!!! L-register: 5F491A90
!!! L-register: 5F491D00
!!! L-unregister: 5F491A90
!!! L-unregister: 5F491D00
!!! L-register: 5F4915B0
!!! L-register: 5F491820
!!! L-unregister: 5F4915B0
!!! L-unregister: 5F491820
!!! L-register: 5F4910D0
!!! L-register: 5F491340
!!! L-unregister: 5F4910D0
!!! L-unregister: 5F491340
!!! L-register: 5F490BF0
!!! L-register: 5F490E60
!!! L-unregister: 5F490BF0
!!! L-unregister: 5F490E60
!!! L-register: 5FBD4BD0
!!! L-register: 5FBD4E40
!!! L-unregister: 5FBD4BD0
!!! L-unregister: 5FBD4E40
!!! L-register: 36918660
!!! L-register: 369188D0
!!! L-unregister: 36918660
!!! L-unregister: 369188D0
!!! L-register: 36917A30
!!! L-register: 36917CA0
!!! L-unregister: 36917A30
!!! L-unregister: 36917CA0
!!! L-register: 5FBD4210
!!! L-register: 5FBD4480
!!! L-unregister: 5FBD4210
!!! L-unregister: 5FBD4480
!!! L-register: 5F491F70
!!! L-register: 5FBD3FA0
!!! L-unregister: 5F491F70
!!! L-unregister: 5FBD3FA0
!!! L-register: 5F491A90
!!! L-register: 5F491D00
!!! L-unregister: 5F491A90
!!! L-unregister: 5F491D00
!!! L-register: 5F4910D0
!!! L-register: 5F491340
!!! L-unregister: 5F4910D0
!!! L-unregister: 5F491340
!!! L-register: 5F4915B0
!!! L-register: 5F491820
!!! L-unregister: 5F4915B0
!!! L-unregister: 5F491820
!!! L-register: 5F490BF0
!!! L-register: 5F490E60
!!! L-unregister: 5F490BF0
!!! L-unregister: 5F490E60
!!! L-register: 5FBD4BD0
!!! L-register: 5FBD4E40
!!! L-unregister: 5FBD4BD0
!!! L-unregister: 5FBD4E40
!!! L-register: 36918660
!!! L-register: 369188D0
!!! L-unregister: 36918660
!!! L-unregister: 369188D0
!!! L-register: 36917A30
!!! L-register: 36917CA0
!!! L-unregister: 36917A30
!!! L-unregister: 36917CA0
!!! L-register: 5F491F70
!!! L-register: 5FBD3FA0
!!! L-unregister: 5F491F70
!!! L-unregister: 5FBD3FA0
!!! L-register: 5FBD4210
!!! L-register: 5FBD4480
!!! L-unregister: 5FBD4210
!!! L-unregister: 5FBD4480
!!! L-register: 5F491A90
!!! L-register: 5F491D00
!!! L-unregister: 5F491A90
!!! L-unregister: 5F491D00
!!! L-register: 5F4915B0
!!! L-register: 5F491820
!!! L-unregister: 5F4915B0
!!! L-unregister: 5F491820
!!! L-register: 5F4910D0
!!! L-register: 5F491340
!!! L-unregister: 5F4910D0
!!! L-unregister: 5F491340
!!! L-register: 5F490BF0
!!! L-register: 5F490E60
!!! L-unregister: 5F490BF0
!!! L-unregister: 5F490E60
!!! L-register: 5FBD4BD0
!!! L-register: 5FBD4E40
!!! L-unregister: 5FBD4BD0
!!! L-unregister: 5FBD4E40
!!! L-register: 36918660
!!! L-register: 369188D0
!!! L-unregister: 36918660
!!! L-unregister: 369188D0
!!! L-register: 36917A30
!!! L-register: 36917CA0
!!! L-unregister: 36917A30
!!! L-unregister: 36917CA0
!!! L-register: 5F491F70
!!! L-register: 5FBD3FA0
!!! L-unregister: 5F491F70
!!! L-unregister: 5FBD3FA0
!!! L-register: 5FBD4210
!!! L-register: 5FBD4480
!!! L-unregister: 5FBD4210
!!! L-unregister: 5FBD4480
!!! L-register: 5F4910D0
!!! L-register: 5F491340
!!! L-unregister: 5F4910D0
!!! L-unregister: 5F491340
!!! L-register: 5F4915B0
!!! L-register: 5F491820
!!! L-unregister: 5F4915B0
!!! L-unregister: 5F491820
!!! L-register: 5F491A90
!!! L-register: 5F491D00
!!! L-unregister: 5F491A90
!!! L-unregister: 5F491D00
!!! L-register: 5F490BF0
!!! L-register: 5F490E60
!!! L-unregister: 5F490BF0
!!! L-unregister: 5F490E60
!!! L-register: 5FBD4BD0
!!! L-register: 5FBD4E40
!!! L-unregister: 5FBD4BD0
!!! L-unregister: 5FBD4E40
!!! L-register: 36918660
!!! L-register: 369188D0
!!! L-unregister: 36918660
!!! L-unregister: 369188D0
!!! L-register: 36917A30
!!! L-register: 36917CA0
!!! L-unregister: 36917A30
!!! L-unregister: 36917CA0
!!! L-register: 36918660
!!! L-register: 369188D0
!!! L-unregister: 36918660
!!! L-unregister: 369188D0
!!! L-register: 5FBD4210
!!! L-register: 5FBD4480
!!! L-unregister: 5FBD4210
!!! L-unregister: 5FBD4480
!!! L-register: 5F491F70
!!! L-register: 5FBD3FA0
!!! L-unregister: 5F491F70
!!! L-unregister: 5FBD3FA0
!!! L-register: 5F491A90
!!! L-register: 5F491D00
!!! L-unregister: 5F491A90
!!! L-unregister: 5F491D00
!!! L-register: 5F4915B0
!!! L-register: 5F491820
!!! L-unregister: 5F4915B0
!!! L-unregister: 5F491820
!!! L-register: 5F4910D0
!!! L-register: 5F491340
!!! L-unregister: 5F4910D0
!!! L-unregister: 5F491340
!!! L-register: 5F490BF0
!!! L-register: 5F490E60
!!! L-unregister: 5F490BF0
!!! L-unregister: 5F490E60
!!! L-register: 5FBD4BD0
!!! L-register: 5FBD4E40
!!! L-unregister: 5FBD4BD0
!!! L-unregister: 5FBD4E40
!!! L-register: 36917A30
!!! L-register: 36917CA0
!!! L-unregister: 36917A30
!!! L-unregister: 36917CA0
!!! L-register: 5F491F70
!!! L-register: 5FBD3FA0
!!! L-unregister: 5F491F70
!!! L-unregister: 5FBD3FA0
!!! L-register: 5FBD4210
!!! L-register: 5FBD4480
!!! L-unregister: 5FBD4210
!!! L-unregister: 5FBD4480
!!! L-register: 5F491A90
!!! L-register: 5F491D00
!!! L-unregister: 5F491A90
!!! L-unregister: 5F491D00
!!! L-register: 5F4915B0
!!! L-register: 5F491820
!!! L-unregister: 5F4915B0
!!! L-unregister: 5F491820
!!! L-register: 5F4910D0
!!! L-register: 5F491340
!!! L-unregister: 5F4910D0
!!! L-unregister: 5F491340
!!! L-register: 5F490BF0
!!! L-register: 5F490E60
!!! L-unregister: 5F490BF0
!!! L-unregister: 5F490E60
!!! L-register: 5FBD4BD0
!!! L-register: 5FBD4E40
!!! L-unregister: 5FBD4BD0
!!! L-unregister: 5FBD4E40
!!! L-register: 36917A30
!!! L-register: 36917CA0
!!! L-unregister: 36917A30
!!! L-unregister: 36917CA0
!!! L-register: 5F491F70
!!! L-register: 5FBD3FA0
!!! L-unregister: 5F491F70
!!! L-unregister: 5FBD3FA0
!!! L-register: 5FBD4210
!!! L-register: 5FBD4480
!!! L-unregister: 5FBD4210
!!! L-unregister: 5FBD4480
!!! L-register: 5F4910D0
!!! L-register: 5F491340
!!! L-unregister: 5F4910D0
!!! L-unregister: 5F491340
!!! L-register: 5F491A90
!!! L-register: 5F491D00
!!! L-unregister: 5F491A90
!!! L-unregister: 5F491D00
!!! L-register: 5F4915B0
!!! L-register: 5F491820
!!! L-unregister: 5F4915B0
!!! L-unregister: 5F491820
!!! L-register: 5F490BF0
!!! L-register: 5F490E60
!!! L-unregister: 5F490BF0
!!! L-unregister: 5F490E60
!!! L-register: 5FBD4BD0
!!! L-register: 5FBD4E40
!!! L-unregister: 5FBD4BD0
!!! L-unregister: 5FBD4E40
!!! L-register: 36917A30
!!! L-register: 36917CA0
!!! L-unregister: 36917A30
!!! L-unregister: 36917CA0
!!! L-register: 5F491F70
!!! L-register: 5FBD3FA0
!!! L-unregister: 5F491F70
!!! L-unregister: 5FBD3FA0
!!! L-register: 5FBD4210
!!! L-register: 5FBD4480
!!! L-unregister: 5FBD4210
!!! L-unregister: 5FBD4480
!!! L-register: 5F4910D0
!!! L-register: 5F491340
!!! L-unregister: 5F4910D0
!!! L-unregister: 5F491340
!!! L-register: 5F4915B0
!!! L-register: 5F491820
!!! L-unregister: 5F4915B0
!!! L-unregister: 5F491820
!!! L-register: 5F491A90
!!! L-register: 5F491D00
!!! L-unregister: 5F491A90
!!! L-unregister: 5F491D00
!!! L-register: 5F490BF0
!!! L-register: 5F490E60
!!! L-unregister: 5F490BF0
!!! L-unregister: 5F490E60
!!! L-register: 5FBD4BD0
!!! L-register: 5FBD4E40
!!! L-unregister: 5FBD4BD0
!!! L-unregister: 5FBD4E40
!!! L-register: 36917A30
!!! L-register: 36917CA0
!!! L-unregister: 36917A30
!!! L-unregister: 36917CA0
!!! L-register: 5F491F70
!!! L-register: 5FBD3FA0
!!! L-unregister: 5F491F70
!!! L-unregister: 5FBD3FA0
!!! L-register: 5FBD4210
!!! L-register: 5FBD4480
!!! L-unregister: 5FBD4210
!!! L-unregister: 5FBD4480
!!! L-register: 5F4915B0
!!! L-register: 5F491820
!!! L-unregister: 5F4915B0
!!! L-unregister: 5F491820
!!! L-register: 5F491A90
!!! L-register: 5F491D00
!!! L-unregister: 5F491A90
!!! L-unregister: 5F491D00
!!! L-register: 5F4910D0
!!! L-register: 5F491340
!!! L-unregister: 5F4910D0
!!! L-unregister: 5F491340
!!! L-register: 5F490BF0
!!! L-register: 5F490E60
!!! L-unregister: 5F490BF0
!!! L-unregister: 5F490E60
!!! L-register: 5FBD4BD0
!!! L-register: 5FBD4E40
!!! L-unregister: 5FBD4BD0
!!! L-unregister: 5FBD4E40
!!! L-register: 36917A30
!!! L-register: 36917CA0
!!! L-unregister: 36917A30
!!! L-unregister: 36917CA0
!!! L-register: 5F491F70
!!! L-register: 5FBD3FA0
!!! L-unregister: 5F491F70
!!! L-unregister: 5FBD3FA0
!!! L-register: 5FBD4210
!!! L-register: 5FBD4480
!!! L-unregister: 5FBD4210
!!! L-unregister: 5FBD4480
!!! L-register: 5F4915B0
!!! L-register: 5F491820
!!! L-unregister: 5F4915B0
!!! L-unregister: 5F491820
!!! L-register: 5F491A90
!!! L-register: 5F491D00
!!! L-unregister: 5F491A90
!!! L-unregister: 5F491D00
!!! L-register: 5F4910D0
!!! L-register: 5F491340
!!! L-unregister: 5F4910D0
!!! L-unregister: 5F491340
!!! L-register: 5F490BF0
!!! L-register: 5F490E60
!!! L-unregister: 5F490BF0
!!! L-unregister: 5F490E60
!!! L-register: 5FBD4BD0
!!! L-register: 5FBD4E40
!!! L-unregister: 5FBD4BD0
!!! L-unregister: 5FBD4E40
!!! L-register: 36917A30
!!! L-register: 36917CA0
!!! L-unregister: 36917A30
!!! L-unregister: 36917CA0
!!! L-register: 5FBD4210
!!! L-register: 5FBD4480
!!! L-unregister: 5FBD4210
!!! L-unregister: 5FBD4480
!!! L-register: 5F491F70
!!! L-register: 5FBD3FA0
!!! L-unregister: 5F491F70
!!! L-unregister: 5FBD3FA0
!!! L-register: 5F4910D0
!!! L-register: 5F491340
!!! L-unregister: 5F4910D0
!!! L-unregister: 5F491340
!!! L-register: 5F491A90
!!! L-register: 5F491D00
!!! L-unregister: 5F491A90
!!! L-unregister: 5F491D00
!!! L-register: 5F4915B0
!!! L-register: 5F491820
!!! L-unregister: 5F4915B0
!!! L-unregister: 5F491820
!!! L-register: 5F490BF0
!!! L-register: 5F490E60
!!! L-unregister: 5F490BF0
!!! L-unregister: 5F490E60
!!! L-register: 5FBD4BD0
!!! L-register: 5FBD4E40
!!! L-unregister: 5FBD4BD0
!!! L-unregister: 5FBD4E40
!!! L-register: 36917A30
!!! L-register: 36917CA0
!!! L-unregister: 36917A30
!!! L-unregister: 36917CA0
!!! L-register: 5F491F70
!!! L-register: 5FBD3FA0
!!! L-unregister: 5F491F70
!!! L-unregister: 5FBD3FA0
!!! L-register: 5FBD4210
!!! L-register: 5FBD4480
!!! L-unregister: 5FBD4210
!!! L-unregister: 5FBD4480
!!! L-register: 5F4915B0
!!! L-register: 5F491820
!!! L-unregister: 5F4915B0
!!! L-unregister: 5F491820
!!! L-register: 5F4910D0
!!! L-register: 5F491340
!!! L-unregister: 5F4910D0
!!! L-unregister: 5F491340
!!! L-register: 5F491A90
!!! L-register: 5F491D00
!!! L-unregister: 5F491A90
!!! L-unregister: 5F491D00
!!! L-register: 36917A30
!!! L-register: 36917CA0
!!! L-unregister: 36917A30
!!! L-unregister: 36917CA0
!!! L-register: 5F490BF0
!!! L-register: 5F490E60
!!! L-unregister: 5F490BF0
!!! L-unregister: 5F490E60
!!! L-register: 5FBD4BD0
!!! L-register: 5FBD4E40
!!! L-unregister: 5FBD4BD0
!!! L-unregister: 5FBD4E40
!!! L-register: 36917A30
!!! L-register: 36917CA0
!!! L-unregister: 36917A30
!!! L-unregister: 36917CA0
!!! L-register: 5FBD4210
!!! L-register: 5FBD4480
!!! L-unregister: 5FBD4210
!!! L-unregister: 5FBD4480
!!! L-register: 5F491F70
!!! L-register: 5FBD3FA0
!!! L-unregister: 5F491F70
!!! L-unregister: 5FBD3FA0
!!! L-register: 5F491A90
!!! L-register: 5F491D00
!!! L-unregister: 5F491A90
!!! L-unregister: 5F491D00
!!! L-register: 5F4910D0
!!! L-register: 5F491340
!!! L-unregister: 5F4910D0
!!! L-unregister: 5F491340
!!! L-register: 5F4915B0
!!! L-register: 5F491820
!!! L-unregister: 5F4915B0
!!! L-unregister: 5F491820
!!! L-register: 5F490BF0
!!! L-register: 5F490E60
!!! L-unregister: 5F490BF0
!!! L-unregister: 5F490E60
!!! L-register: 5FBD4BD0
!!! L-register: 5FBD4E40
!!! L-unregister: 5FBD4BD0
!!! L-unregister: 5FBD4E40
!!! L-register: 36917A30
!!! L-register: 36917CA0
!!! L-unregister: 36917A30
!!! L-unregister: 36917CA0
!!! L-register: 5FBD4210
!!! L-register: 5FBD4480
!!! L-unregister: 5FBD4210
!!! L-unregister: 5FBD4480
!!! L-register: 5F491F70
!!! L-register: 5FBD3FA0
!!! L-unregister: 5F491F70
!!! L-unregister: 5FBD3FA0
!!! L-register: 5F491A90
!!! L-register: 5F491D00
!!! L-unregister: 5F491A90
!!! L-unregister: 5F491D00
!!! L-register: 5F4910D0
!!! L-register: 5F491340
!!! L-unregister: 5F4910D0
!!! L-unregister: 5F491340
!!! L-register: 5F4915B0
!!! L-register: 5F491820
!!! L-unregister: 5F4915B0
!!! L-unregister: 5F491820
!!! L-register: 5F490BF0
!!! L-register: 5F490E60
!!! L-unregister: 5F490BF0
!!! L-unregister: 5F490E60
!!! L-register: 5FBD4BD0
!!! L-register: 5FBD4E40
!!! L-unregister: 5FBD4BD0
!!! L-unregister: 5FBD4E40
!!! L-register: 36917A30
!!! L-register: 36917CA0
!!! L-unregister: 36917A30
!!! L-unregister: 36917CA0
!!! L-register: 5F491F70
!!! L-register: 5FBD3FA0
!!! L-unregister: 5F491F70
!!! L-unregister: 5FBD3FA0
!!! L-register: 5FBD4210
!!! L-register: 5FBD4480
!!! L-unregister: 5FBD4210
!!! L-unregister: 5FBD4480
!!! L-register: 5F4910D0
!!! L-register: 5F491340
!!! L-unregister: 5F4910D0
!!! L-unregister: 5F491340
!!! L-register: 5F4915B0
!!! L-register: 5F491820
!!! L-unregister: 5F4915B0
!!! L-unregister: 5F491820
!!! L-register: 5F491A90
!!! L-register: 5F491D00
!!! L-unregister: 5F491A90
!!! L-unregister: 5F491D00
!!! L-register: 5F490BF0
!!! L-register: 5F490E60
!!! L-unregister: 5F490BF0
!!! L-unregister: 5F490E60
!!! L-register: 5FBD4BD0
!!! L-register: 5FBD4E40
!!! L-unregister: 5FBD4BD0
!!! L-unregister: 5FBD4E40
!!! L-register: 36917A30
!!! L-register: 36917CA0
!!! L-unregister: 36917A30
!!! L-unregister: 36917CA0
!!! L-register: 5F491F70
!!! L-register: 5FBD3FA0
!!! L-unregister: 5F491F70
!!! L-unregister: 5FBD3FA0
!!! L-register: 5FBD4210
!!! L-register: 5FBD4480
!!! L-unregister: 5FBD4210
!!! L-unregister: 5FBD4480
!!! L-register: 5F491A90
!!! L-register: 5F491D00
!!! L-unregister: 5F491A90
!!! L-unregister: 5F491D00
!!! L-register: 5F4910D0
!!! L-register: 5F491340
!!! L-unregister: 5F4910D0
!!! L-unregister: 5F491340
!!! L-register: 5F4915B0
!!! L-register: 5F491820
!!! L-unregister: 5F4915B0
!!! L-unregister: 5F491820
!!! L-register: 5F490BF0
!!! L-register: 5F490E60
!!! L-unregister: 5F490BF0
!!! L-unregister: 5F490E60
!!! L-register: 5FBD4BD0
!!! L-register: 5FBD4E40
!!! L-unregister: 5FBD4BD0
!!! L-unregister: 5FBD4E40
!!! L-register: 36917A30
!!! L-register: 36917CA0
!!! L-unregister: 36917A30
!!! L-unregister: 36917CA0
- Disconnect
!!! L-unregister: 5B5F99D0
!!! L-unregister: 5B5F9C40
!!! L-unregister: 5B5F94F0
!!! L-unregister: 5B5F9760
!!! L-unregister: 5B5F9010
!!! L-unregister: 5B5F9280
!!! L-unregister: 5C3DA090
!!! L-unregister: 5C3DA300
!!! L-unregister: 5C3D9940
!!! L-unregister: 5C3D9BB0
!!! L-unregister: 5C3D9460
!!! L-unregister: 5C3D96D0
!!! L-unregister: 5C3D8F80
!!! L-unregister: 5C3D91F0
!!! L-unregister: 5C3D8AA0
!!! L-unregister: 5C3D8D10
!!! L-unregister: 5C3D85C0
!!! L-unregister: 5C3D8830
!!! L-unregister: 5C3D7E70
!!! L-unregister: 5C3D80E0
!!! L-unregister: 5C3D7990
!!! L-unregister: 5C3D7C00
!!! L-unregister: 5EA3FEA0
!!! L-unregister: 5C3D6610
!!! L-unregister: 5EA3F750
!!! L-unregister: 5EA3F9C0
!!! L-unregister: 5EA3DA10
!!! L-unregister: 5EA3DC80
!!! L-unregister: 5EA3D530
!!! L-unregister: 5EA3D7A0
!!! L-unregister: 5F48EC40
!!! L-unregister: 5F48E760
!!! L-unregister: 5F48E9D0
!!! L-unregister: 36917550
!!! L-unregister: 369172E0
!!! L-unregister: 36916E00
!!! L-unregister: 36917070
- Destroying level
!!! L-unregister: 206080A0
!!! L-unregister: 20608310
!!! L-unregister: 20608580
!!! L-unregister: 36910BC0
!!! L-unregister: 36910E30
!!! L-unregister: 369110A0
!!! L-unregister: 36911310
!!! L-unregister: 36911580
!!! L-unregister: 369117F0
!!! L-unregister: 36911A60
!!! L-unregister: 36911CD0
!!! L-unregister: 36911F40
!!! L-unregister: 369121B0
!!! L-unregister: 36912420
!!! L-unregister: 36912690
!!! L-unregister: 36912900
!!! L-unregister: 36912B70
!!! L-unregister: 36912DE0
!!! L-unregister: 36913050
!!! L-unregister: 369132C0
!!! L-unregister: 36913530
!!! L-unregister: 369137A0
!!! L-unregister: 36913A10
!!! L-unregister: 36913C80
!!! L-unregister: 36913EF0
!!! L-unregister: 36914160
!!! L-unregister: 369143D0
!!! L-unregister: 36914640
!!! L-unregister: 369148B0
!!! L-unregister: 36914BE0
!!! L-unregister: 36914E50
!!! L-unregister: 369150C0
!!! L-unregister: 36915330
!!! L-unregister: 369155A0
!!! L-unregister: 36915810
!!! L-unregister: 36915A80
!!! L-unregister: 36915CF0
!!! L-unregister: 36915F60
!!! L-unregister: 369161D0
!!! L-unregister: 36916440
DestroySingleton::RefCounter: 0
DestroySingleton::RefCounter: 0
DestroySingleton::RefCounter: 0
DestroySingleton::RefCounter: 0
DestroySingleton::RefCounter: 0
Input:  1
Config-file [d:\sovahiblack-engine\game\appdata\user.ltx] saved successfully
Destroying Direct3D...
* RM_Dump: textures  : 0
* RM_Dump: rtargets  : 0
* RM_Dump: rtargetsc : 0
* RM_Dump: vs        : 0
* RM_Dump: ps        : 0
* RM_Dump: dcl       : 0
* RM_Dump: states    : 0
* RM_Dump: tex_list  : 0
* RM_Dump: matrices  : 0
* RM_Dump: lst_constants: 0
* RM_Dump: v_passes  : 0
* RM_Dump: v_elements: 0
* RM_Dump: v_shaders : 0
refCount:pBaseZB 1
refCount:pBaseRT 1
DeviceREF: 1
